"","Dataset","Frame","Synthesized.View","X.passes","WS.PSNR","CEL","theo_time","p1","p2","p3","V1","V2","V3","V4","V5","V6","V7"
"1","TechnicolorHijack",50,0,1,13.8576,-0.116265071643543,52.831,1,0,0,8,9,1,4,5,2,3
"2","TechnicolorHijack",50,0,1,34.0049,0.0510278514588859,274.456,2,0,0,8,9,1,4,5,2,3
"3","TechnicolorHijack",50,0,1,34.0339,0.0504444564260168,278.205,3,0,0,8,9,1,4,5,2,3
"4","TechnicolorHijack",50,0,1,34.5467,0.0502994446788058,289.202,4,0,0,8,9,1,4,5,2,3
"5","TechnicolorHijack",50,0,1,34.6651,0.043999435946979,333.302,5,0,0,8,9,1,4,5,2,3
"6","TechnicolorHijack",50,0,1,34.7461,0.0284910253685492,517.57,6,0,0,8,9,1,4,5,2,3
"7","TechnicolorHijack",50,0,1,34.7387,0.0284011662077245,518.947,7,0,0,8,9,1,4,5,2,3
"8","TechnicolorHijack",50,0,2,32.5863,0.0458590812370653,274.456,1,2,0,8,9,1,4,5,2,3
"9","TechnicolorHijack",50,0,2,32.6155,0.0453460577631603,278.205,1,3,0,8,9,1,4,5,2,3
"10","TechnicolorHijack",50,0,2,32.9698,0.0448468544477562,289.202,1,4,0,8,9,1,4,5,2,3
"11","TechnicolorHijack",50,0,2,33.0528,0.0391620812356361,333.302,1,5,0,8,9,1,4,5,2,3
"12","TechnicolorHijack",50,0,2,33.1007,0.0253119384817513,517.57,1,6,0,8,9,1,4,5,2,3
"13","TechnicolorHijack",50,0,2,33.0956,0.0252349469213619,518.947,1,7,0,8,9,1,4,5,2,3
"14","TechnicolorHijack",50,0,2,34.0075,0.0503495623730702,278.205,2,3,0,8,9,1,4,5,2,3
"15","TechnicolorHijack",50,0,2,34.3831,0.0497337501123782,289.202,2,4,0,8,9,1,4,5,2,3
"16","TechnicolorHijack",50,0,2,34.5435,0.0436346016525553,333.302,2,5,0,8,9,1,4,5,2,3
"17","TechnicolorHijack",50,0,2,34.5773,0.0281648859091524,517.57,2,6,0,8,9,1,4,5,2,3
"18","TechnicolorHijack",50,0,2,34.5761,0.0280878394132734,518.947,2,7,0,8,9,1,4,5,2,3
"19","TechnicolorHijack",50,0,2,34.4137,0.0498395585092773,289.202,3,4,0,8,9,1,4,5,2,3
"20","TechnicolorHijack",50,0,2,34.5769,0.0437348110722408,333.302,3,5,0,8,9,1,4,5,2,3
"21","TechnicolorHijack",50,0,2,34.6103,0.0282286454006221,517.57,3,6,0,8,9,1,4,5,2,3
"22","TechnicolorHijack",50,0,2,34.6093,0.0281518151179215,518.947,3,7,0,8,9,1,4,5,2,3
"23","TechnicolorHijack",50,0,2,34.6798,0.0440435400927687,333.302,4,5,0,8,9,1,4,5,2,3
"24","TechnicolorHijack",50,0,2,34.7238,0.028447939409162,517.57,4,6,0,8,9,1,4,5,2,3
"25","TechnicolorHijack",50,0,2,34.7215,0.0283680221679671,518.947,4,7,0,8,9,1,4,5,2,3
"26","TechnicolorHijack",50,0,2,34.7026,0.0284069787661572,517.57,5,6,0,8,9,1,4,5,2,3
"27","TechnicolorHijack",50,0,2,34.7003,0.028327170211987,518.947,5,7,0,8,9,1,4,5,2,3
"28","TechnicolorHijack",50,0,2,34.7471,0.0284173528317921,518.947,6,7,0,8,9,1,4,5,2,3
"29","TechnicolorHijack",50,0,3,32.5899,0.0452540392875757,278.205,1,2,3,8,9,1,4,5,2,3
"30","TechnicolorHijack",50,0,3,32.8573,0.0444578529885686,289.202,1,2,4,8,9,1,4,5,2,3
"31","TechnicolorHijack",50,0,3,32.9696,0.0389124577710305,333.302,1,2,5,8,9,1,4,5,2,3
"32","TechnicolorHijack",50,0,3,32.987,0.0250922580520509,517.57,1,2,6,8,9,1,4,5,2,3
"33","TechnicolorHijack",50,0,3,32.9871,0.0250258696938223,518.947,1,2,7,8,9,1,4,5,2,3
"34","TechnicolorHijack",50,0,3,32.8852,0.0445543253504471,289.202,1,3,4,8,9,1,4,5,2,3
"35","TechnicolorHijack",50,0,3,32.9993,0.0390015661472178,333.302,1,3,5,8,9,1,4,5,2,3
"36","TechnicolorHijack",50,0,3,33.0184,0.0251529261742373,517.57,1,3,6,8,9,1,4,5,2,3
"37","TechnicolorHijack",50,0,3,33.0186,0.0250865695340757,518.947,1,3,7,8,9,1,4,5,2,3
"38","TechnicolorHijack",50,0,3,33.0619,0.0391893838020774,333.302,1,4,5,8,9,1,4,5,2,3
"39","TechnicolorHijack",50,0,3,33.0859,0.02528334331588,517.57,1,4,6,8,9,1,4,5,2,3
"40","TechnicolorHijack",50,0,3,33.0852,0.025214906339183,518.947,1,4,7,8,9,1,4,5,2,3
"41","TechnicolorHijack",50,0,3,33.0723,0.0252570666769712,517.57,1,5,6,8,9,1,4,5,2,3
"42","TechnicolorHijack",50,0,3,33.0716,0.025188699424026,518.947,1,5,7,8,9,1,4,5,2,3
"43","TechnicolorHijack",50,0,3,33.1014,0.0252461233998848,518.947,1,6,7,8,9,1,4,5,2,3
"44","TechnicolorHijack",50,0,3,34.3841,0.0497372079031265,289.202,2,3,4,8,9,1,4,5,2,3
"45","TechnicolorHijack",50,0,3,34.5463,0.0436430024422296,333.302,2,3,5,8,9,1,4,5,2,3
"46","TechnicolorHijack",50,0,3,34.5775,0.0281652723303128,517.57,2,3,6,8,9,1,4,5,2,3
"47","TechnicolorHijack",50,0,3,34.5766,0.0280888029028012,518.947,2,3,7,8,9,1,4,5,2,3
"48","TechnicolorHijack",50,0,3,34.5178,0.043557494404474,333.302,2,4,5,8,9,1,4,5,2,3
"49","TechnicolorHijack",50,0,3,34.5542,0.0281202542651236,517.57,2,4,6,8,9,1,4,5,2,3
"50","TechnicolorHijack",50,0,3,34.5523,0.0280419773117486,518.947,2,4,7,8,9,1,4,5,2,3
"51","TechnicolorHijack",50,0,3,34.5748,0.0281600556446471,517.57,2,5,6,8,9,1,4,5,2,3
"52","TechnicolorHijack",50,0,3,34.5729,0.0280816730802953,518.947,2,5,7,8,9,1,4,5,2,3
"53","TechnicolorHijack",50,0,3,34.5784,0.0280922714651014,518.947,2,6,7,8,9,1,4,5,2,3
"54","TechnicolorHijack",50,0,3,34.5495,0.0436526033447144,333.302,3,4,5,8,9,1,4,5,2,3
"55","TechnicolorHijack",50,0,3,34.588,0.028185559441235,517.57,3,4,6,8,9,1,4,5,2,3
"56","TechnicolorHijack",50,0,3,34.5861,0.0281071092038301,518.947,3,4,7,8,9,1,4,5,2,3
"57","TechnicolorHijack",50,0,3,34.6106,0.0282292250323628,517.57,3,5,6,8,9,1,4,5,2,3
"58","TechnicolorHijack",50,0,3,34.6086,0.0281504662325825,518.947,3,5,7,8,9,1,4,5,2,3
"59","TechnicolorHijack",50,0,3,34.6115,0.0281560544718439,518.947,3,6,7,8,9,1,4,5,2,3
"60","TechnicolorHijack",50,0,3,34.7186,0.0284378924589911,517.57,4,5,6,8,9,1,4,5,2,3
"61","TechnicolorHijack",50,0,3,34.7163,0.0283580018768776,518.947,4,5,7,8,9,1,4,5,2,3
"62","TechnicolorHijack",50,0,3,34.7245,0.028373803105134,518.947,4,6,7,8,9,1,4,5,2,3
"63","TechnicolorHijack",50,0,3,34.7033,0.028332951149154,518.947,5,6,7,8,9,1,4,5,2,3
"64","TechnicolorHijack",50,6,1,31.7478,0.0415103406605444,283.009,1,0,0,9,5,1,4,2,3,8
"65","TechnicolorHijack",50,6,1,32.7198,0.0395277724258376,321.794,2,0,0,9,5,1,4,2,3,8
"66","TechnicolorHijack",50,6,1,32.7176,0.0389638321665467,326.395,3,0,0,9,5,1,4,2,3,8
"67","TechnicolorHijack",50,6,1,32.901,0.0377773417940211,341.501,4,0,0,9,5,1,4,2,3,8
"68","TechnicolorHijack",50,6,1,32.9399,0.0241274251139722,536.315,5,0,0,9,5,1,4,2,3,8
"69","TechnicolorHijack",50,6,1,32.9412,0.0240776814635789,537.477,6,0,0,9,5,1,4,2,3,8
"70","TechnicolorHijack",50,6,1,32.9688,0.023986712683986,540.666,7,0,0,9,5,1,4,2,3,8
"71","TechnicolorHijack",50,6,2,32.1512,0.0377608034954039,321.794,1,2,0,9,5,1,4,2,3,8
"72","TechnicolorHijack",50,6,2,32.1401,0.0371945035922732,326.395,1,3,0,9,5,1,4,2,3,8
"73","TechnicolorHijack",50,6,2,32.2453,0.0358572888512772,341.501,1,4,0,9,5,1,4,2,3,8
"74","TechnicolorHijack",50,6,2,32.2993,0.0229329778208702,536.315,1,5,0,9,5,1,4,2,3,8
"75","TechnicolorHijack",50,6,2,32.3028,0.0228899097077642,537.477,1,6,0,9,5,1,4,2,3,8
"76","TechnicolorHijack",50,6,2,32.3198,0.0227863412901865,540.666,1,7,0,9,5,1,4,2,3,8
"77","TechnicolorHijack",50,6,2,32.7098,0.0389399347416474,326.395,2,3,0,9,5,1,4,2,3,8
"78","TechnicolorHijack",50,6,2,32.8232,0.0375495240131068,341.501,2,4,0,9,5,1,4,2,3,8
"79","TechnicolorHijack",50,6,2,32.8927,0.0240394171335875,536.315,2,5,0,9,5,1,4,2,3,8
"80","TechnicolorHijack",50,6,2,32.8967,0.0239948872230812,537.477,2,6,0,9,5,1,4,2,3,8
"81","TechnicolorHijack",50,6,2,32.9159,0.0238888703931817,540.666,2,7,0,9,5,1,4,2,3,8
"82","TechnicolorHijack",50,6,2,32.8327,0.0375773423796709,341.501,3,4,0,9,5,1,4,2,3,8
"83","TechnicolorHijack",50,6,2,32.8969,0.0240472483521811,536.315,3,5,0,9,5,1,4,2,3,8
"84","TechnicolorHijack",50,6,2,32.901,0.0240028875654214,537.477,3,6,0,9,5,1,4,2,3,8
"85","TechnicolorHijack",50,6,2,32.9186,0.0238938642341113,540.666,3,7,0,9,5,1,4,2,3,8
"86","TechnicolorHijack",50,6,2,32.9696,0.0241828030168837,536.315,4,5,0,9,5,1,4,2,3,8
"87","TechnicolorHijack",50,6,2,32.9729,0.024136660731529,537.477,4,6,0,9,5,1,4,2,3,8
"88","TechnicolorHijack",50,6,2,32.9894,0.0240248138407076,540.666,4,7,0,9,5,1,4,2,3,8
"89","TechnicolorHijack",50,6,2,32.9434,0.0240817746619855,537.477,5,6,0,9,5,1,4,2,3,8
"90","TechnicolorHijack",50,6,2,32.9596,0.0239696966334114,540.666,5,7,0,9,5,1,4,2,3,8
"91","TechnicolorHijack",50,6,2,32.9575,0.0239658125349107,540.666,6,7,0,9,5,1,4,2,3,8
"92","TechnicolorHijack",50,6,3,32.1379,0.0371877632929426,326.395,1,2,3,9,5,1,4,2,3,8
"93","TechnicolorHijack",50,6,3,32.2383,0.0358367911074931,341.501,1,2,4,9,5,1,4,2,3,8
"94","TechnicolorHijack",50,6,3,32.299,0.0229324184481135,536.315,1,2,5,9,5,1,4,2,3,8
"95","TechnicolorHijack",50,6,3,32.3025,0.0228893515443452,537.477,1,2,6,9,5,1,4,2,3,8
"96","TechnicolorHijack",50,6,3,32.3192,0.0227852315477578,540.666,1,2,7,9,5,1,4,2,3,8
"97","TechnicolorHijack",50,6,3,32.2406,0.0358435260804507,341.501,1,3,4,9,5,1,4,2,3,8
"98","TechnicolorHijack",50,6,3,32.2964,0.0229275705508889,536.315,1,3,5,9,5,1,4,2,3,8
"99","TechnicolorHijack",50,6,3,32.2999,0.0228845141280464,537.477,1,3,6,9,5,1,4,2,3,8
"100","TechnicolorHijack",50,6,3,32.3153,0.0227780182219707,540.666,1,3,7,9,5,1,4,2,3,8
"101","TechnicolorHijack",50,6,3,32.3037,0.0229411819546349,536.315,1,4,5,9,5,1,4,2,3,8
"102","TechnicolorHijack",50,6,3,32.3063,0.0228964216143202,537.477,1,4,6,9,5,1,4,2,3,8
"103","TechnicolorHijack",50,6,3,32.3203,0.0227872660755439,540.666,1,4,7,9,5,1,4,2,3,8
"104","TechnicolorHijack",50,6,3,32.3026,0.0228895375988182,537.477,1,5,6,9,5,1,4,2,3,8
"105","TechnicolorHijack",50,6,3,32.3166,0.0227804226638997,540.666,1,5,7,9,5,1,4,2,3,8
"106","TechnicolorHijack",50,6,3,32.3171,0.022781347449257,540.666,1,6,7,9,5,1,4,2,3,8
"107","TechnicolorHijack",50,6,3,32.8232,0.0375495240131068,341.501,2,3,4,9,5,1,4,2,3,8
"108","TechnicolorHijack",50,6,3,32.8871,0.0240289755087961,536.315,2,3,5,9,5,1,4,2,3,8
"109","TechnicolorHijack",50,6,3,32.8911,0.0239844681725916,537.477,2,3,6,9,5,1,4,2,3,8
"110","TechnicolorHijack",50,6,3,32.9088,0.0238757384411078,540.666,2,3,7,9,5,1,4,2,3,8
"111","TechnicolorHijack",50,6,3,32.8902,0.0240347556939485,536.315,2,4,5,9,5,1,4,2,3,8
"112","TechnicolorHijack",50,6,3,32.8931,0.0239881892620521,537.477,2,4,6,9,5,1,4,2,3,8
"113","TechnicolorHijack",50,6,3,32.9092,0.0238764782693937,540.666,2,4,7,9,5,1,4,2,3,8
"114","TechnicolorHijack",50,6,3,32.8962,0.023993956950716,537.477,2,5,6,9,5,1,4,2,3,8
"115","TechnicolorHijack",50,6,3,32.9122,0.0238820269815376,540.666,2,5,7,9,5,1,4,2,3,8
"116","TechnicolorHijack",50,6,3,32.9125,0.023882581852752,540.666,2,6,7,9,5,1,4,2,3,8
"117","TechnicolorHijack",50,6,3,32.9006,0.0240541472828468,536.315,3,4,5,9,5,1,4,2,3,8
"118","TechnicolorHijack",50,6,3,32.9036,0.0240077249817201,537.477,3,4,6,9,5,1,4,2,3,8
"119","TechnicolorHijack",50,6,3,32.9195,0.0238955288477544,540.666,3,4,7,9,5,1,4,2,3,8
"120","TechnicolorHijack",50,6,3,32.9004,0.0240017712385832,537.477,3,5,6,9,5,1,4,2,3,8
"121","TechnicolorHijack",50,6,3,32.9164,0.0238897951785391,540.666,3,5,7,9,5,1,4,2,3,8
"122","TechnicolorHijack",50,6,3,32.9167,0.0238903500497534,540.666,3,6,7,9,5,1,4,2,3,8
"123","TechnicolorHijack",50,6,3,32.9727,0.0241362886225829,537.477,4,5,6,9,5,1,4,2,3,8
"124","TechnicolorHijack",50,6,3,32.9898,0.0240255536689934,540.666,4,5,7,9,5,1,4,2,3,8
"125","TechnicolorHijack",50,6,3,32.99,0.0240259235831364,540.666,4,6,7,9,5,1,4,2,3,8
"126","TechnicolorHijack",50,6,3,32.9596,0.0239696966334114,540.666,5,6,7,9,5,1,4,2,3,8
"127","TechnicolorHijack",50,7,1,27.7038,0.0268569197409063,286.846,1,0,0,9,8,2,3,1,4,5
"128","TechnicolorHijack",50,7,1,27.8241,0.0270389543965386,289.364,2,0,0,9,8,2,3,1,4,5
"129","TechnicolorHijack",50,7,1,32.3878,0.0253978472578165,487.75,3,0,0,9,8,2,3,1,4,5
"130","TechnicolorHijack",50,7,1,32.4019,0.0253216272778317,489.775,4,0,0,9,8,2,3,1,4,5
"131","TechnicolorHijack",50,7,1,32.4109,0.0250886935216837,494.681,5,0,0,9,8,2,3,1,4,5
"132","TechnicolorHijack",50,7,1,32.5386,0.0246628638867034,508.4,6,0,0,9,8,2,3,1,4,5
"133","TechnicolorHijack",50,7,1,32.8956,0.0232357758442059,554.989,7,0,0,9,8,2,3,1,4,5
"134","TechnicolorHijack",50,7,2,27.7739,0.0268654704800874,289.364,1,2,0,9,8,2,3,1,4,5
"135","TechnicolorHijack",50,7,2,31.9721,0.0245455663762173,487.75,1,3,0,9,8,2,3,1,4,5
"136","TechnicolorHijack",50,7,2,31.9768,0.0244536777091522,489.775,1,4,0,9,8,2,3,1,4,5
"137","TechnicolorHijack",50,7,2,31.9888,0.0242354163592295,494.681,1,5,0,9,8,2,3,1,4,5
"138","TechnicolorHijack",50,7,2,32.1196,0.0238387096774194,508.4,1,6,0,9,8,2,3,1,4,5
"139","TechnicolorHijack",50,7,2,32.4298,0.0223964799302328,554.989,1,7,0,9,8,2,3,1,4,5
"140","TechnicolorHijack",50,7,2,32.1052,0.0248184520758585,487.75,2,3,0,9,8,2,3,1,4,5
"141","TechnicolorHijack",50,7,2,32.1125,0.0247307437088459,489.775,2,4,0,9,8,2,3,1,4,5
"142","TechnicolorHijack",50,7,2,32.1264,0.0245135754152676,494.681,2,5,0,9,8,2,3,1,4,5
"143","TechnicolorHijack",50,7,2,32.264,0.0241227380015736,508.4,2,6,0,9,8,2,3,1,4,5
"144","TechnicolorHijack",50,7,2,32.5849,0.0226759449286382,554.989,2,7,0,9,8,2,3,1,4,5
"145","TechnicolorHijack",50,7,2,32.398,0.025313664437752,489.775,3,4,0,9,8,2,3,1,4,5
"146","TechnicolorHijack",50,7,2,32.4159,0.0250988010455223,494.681,3,5,0,9,8,2,3,1,4,5
"147","TechnicolorHijack",50,7,2,32.5512,0.0246876475216365,508.4,3,6,0,9,8,2,3,1,4,5
"148","TechnicolorHijack",50,7,2,32.5962,0.0226963056925453,554.989,3,7,0,9,8,2,3,1,4,5
"149","TechnicolorHijack",50,7,2,32.4197,0.0251064827636396,494.681,4,5,0,9,8,2,3,1,4,5
"150","TechnicolorHijack",50,7,2,32.5545,0.0246941384736428,508.4,4,6,0,9,8,2,3,1,4,5
"151","TechnicolorHijack",50,7,2,32.5995,0.0227022517563411,554.989,4,7,0,9,8,2,3,1,4,5
"152","TechnicolorHijack",50,7,2,32.5439,0.0246732887490165,508.4,5,6,0,9,8,2,3,1,4,5
"153","TechnicolorHijack",50,7,2,32.588,0.0226815306249313,554.989,5,7,0,9,8,2,3,1,4,5
"154","TechnicolorHijack",50,7,2,32.583,0.0226725214373618,554.989,6,7,0,9,8,2,3,1,4,5
"155","TechnicolorHijack",50,7,3,31.9716,0.0245445412608918,487.75,1,2,3,9,8,2,3,1,4,5
"156","TechnicolorHijack",50,7,3,31.9767,0.0244534735337655,489.775,1,2,4,9,8,2,3,1,4,5
"157","TechnicolorHijack",50,7,3,31.9902,0.0242382464659043,494.681,1,2,5,9,8,2,3,1,4,5
"158","TechnicolorHijack",50,7,3,32.1243,0.0238479543666404,508.4,1,2,6,9,8,2,3,1,4,5
"159","TechnicolorHijack",50,7,3,32.4347,0.0224053089340509,554.989,1,2,7,9,8,2,3,1,4,5
"160","TechnicolorHijack",50,7,3,31.9797,0.0244595987953652,489.775,1,3,4,9,8,2,3,1,4,5
"161","TechnicolorHijack",50,7,3,31.9952,0.0242483539897429,494.681,1,3,5,9,8,2,3,1,4,5
"162","TechnicolorHijack",50,7,3,32.118,0.0238355625491739,508.4,1,3,6,9,8,2,3,1,4,5
"163","TechnicolorHijack",50,7,3,32.1587,0.0219080017802155,554.989,1,3,7,9,8,2,3,1,4,5
"164","TechnicolorHijack",50,7,3,31.9921,0.024242087324963,494.681,1,4,5,9,8,2,3,1,4,5
"165","TechnicolorHijack",50,7,3,32.1136,0.0238269079464988,508.4,1,4,6,9,8,2,3,1,4,5
"166","TechnicolorHijack",50,7,3,32.1543,0.0219000736951543,554.989,1,4,7,9,8,2,3,1,4,5
"167","TechnicolorHijack",50,7,3,32.1089,0.0238176632572777,508.4,1,5,6,9,8,2,3,1,4,5
"168","TechnicolorHijack",50,7,3,32.1488,0.0218901635888279,554.989,1,5,7,9,8,2,3,1,4,5
"169","TechnicolorHijack",50,7,3,32.1598,0.0219099838014807,554.989,1,6,7,9,8,2,3,1,4,5
"170","TechnicolorHijack",50,7,3,32.115,0.0247358480935123,489.775,2,3,4,9,8,2,3,1,4,5
"171","TechnicolorHijack",50,7,3,32.1309,0.0245226721867223,494.681,2,3,5,9,8,2,3,1,4,5
"172","TechnicolorHijack",50,7,3,32.2567,0.0241083792289536,508.4,2,3,6,9,8,2,3,1,4,5
"173","TechnicolorHijack",50,7,3,32.2988,0.0221604392159124,554.989,2,3,7,9,8,2,3,1,4,5
"174","TechnicolorHijack",50,7,3,32.1282,0.0245172141238495,494.681,2,4,5,9,8,2,3,1,4,5
"175","TechnicolorHijack",50,7,3,32.2529,0.0241009047993706,508.4,2,4,6,9,8,2,3,1,4,5
"176","TechnicolorHijack",50,7,3,32.2949,0.0221534120496082,554.989,2,4,7,9,8,2,3,1,4,5
"177","TechnicolorHijack",50,7,3,32.2496,0.0240944138473643,508.4,2,5,6,9,8,2,3,1,4,5
"178","TechnicolorHijack",50,7,3,32.2909,0.0221462046995526,554.989,2,5,7,9,8,2,3,1,4,5
"179","TechnicolorHijack",50,7,3,32.3056,0.0221726917110069,554.989,2,6,7,9,8,2,3,1,4,5
"180","TechnicolorHijack",50,7,3,32.4159,0.0250988010455223,494.681,3,4,5,9,8,2,3,1,4,5
"181","TechnicolorHijack",50,7,3,32.5499,0.0246850904799371,508.4,3,4,6,9,8,2,3,1,4,5
"182","TechnicolorHijack",50,7,3,32.5949,0.0226939633037772,554.989,3,4,7,9,8,2,3,1,4,5
"183","TechnicolorHijack",50,7,3,32.5484,0.0246821400472069,508.4,3,5,6,9,8,2,3,1,4,5
"184","TechnicolorHijack",50,7,3,32.5928,0.022690179444998,554.989,3,5,7,9,8,2,3,1,4,5
"185","TechnicolorHijack",50,7,3,32.5959,0.0226957651412911,554.989,3,6,7,9,8,2,3,1,4,5
"186","TechnicolorHijack",50,7,3,32.553,0.0246911880409127,508.4,4,5,6,9,8,2,3,1,4,5
"187","TechnicolorHijack",50,7,3,32.5974,0.0226984678975619,554.989,4,5,7,9,8,2,3,1,4,5
"188","TechnicolorHijack",50,7,3,32.5992,0.022701711205087,554.989,4,6,7,9,8,2,3,1,4,5
"189","TechnicolorHijack",50,7,3,32.5883,0.0226820711761855,554.989,5,6,7,9,8,2,3,1,4,5
"190","TechnicolorHijack",100,0,1,12.936,-0.132155953004565,53.452,1,0,0,8,9,1,4,5,2,3
"191","TechnicolorHijack",100,0,1,33.5485,0.0492812506820116,274.922,2,0,0,8,9,1,4,5,2,3
"192","TechnicolorHijack",100,0,1,33.7373,0.0492461068570937,278.952,3,0,0,8,9,1,4,5,2,3
"193","TechnicolorHijack",100,0,1,34.3841,0.0495103725299198,290.527,4,0,0,8,9,1,4,5,2,3
"194","TechnicolorHijack",100,0,1,34.5592,0.0435572947518953,334.254,5,0,0,8,9,1,4,5,2,3
"195","TechnicolorHijack",100,0,1,34.6731,0.0282723047754108,518.992,6,0,0,8,9,1,4,5,2,3
"196","TechnicolorHijack",100,0,1,34.6886,0.0282735694885827,519.517,7,0,0,8,9,1,4,5,2,3
"197","TechnicolorHijack",100,0,2,32.5649,0.0457035086315391,274.922,1,2,0,8,9,1,4,5,2,3
"198","TechnicolorHijack",100,0,2,32.7106,0.0455655453267946,278.952,1,3,0,8,9,1,4,5,2,3
"199","TechnicolorHijack",100,0,2,33.149,0.045259132541898,290.527,1,4,0,8,9,1,4,5,2,3
"200","TechnicolorHijack",100,0,2,33.28,0.0397302650080478,334.254,1,5,0,8,9,1,4,5,2,3
"201","TechnicolorHijack",100,0,2,33.364,0.0257499152202731,518.992,1,6,0,8,9,1,4,5,2,3
"202","TechnicolorHijack",100,0,2,33.3706,0.0257365976474302,519.517,1,7,0,8,9,1,4,5,2,3
"203","TechnicolorHijack",100,0,2,33.7254,0.0492034471880467,278.952,2,3,0,8,9,1,4,5,2,3
"204","TechnicolorHijack",100,0,2,34.204,0.0488904645695581,290.527,2,4,0,8,9,1,4,5,2,3
"205","TechnicolorHijack",100,0,2,34.3953,0.0430669490866227,334.254,2,5,0,8,9,1,4,5,2,3
"206","TechnicolorHijack",100,0,2,34.4916,0.0279225884021334,518.992,2,6,0,8,9,1,4,5,2,3
"207","TechnicolorHijack",100,0,2,34.4965,0.0279038029554374,519.517,2,7,0,8,9,1,4,5,2,3
"208","TechnicolorHijack",100,0,2,34.2166,0.0489338340326372,290.527,3,4,0,8,9,1,4,5,2,3
"209","TechnicolorHijack",100,0,2,34.4108,0.0431133210073776,334.254,3,5,0,8,9,1,4,5,2,3
"210","TechnicolorHijack",100,0,2,34.5074,0.0279530320313223,518.992,3,6,0,8,9,1,4,5,2,3
"211","TechnicolorHijack",100,0,2,34.5134,0.0279363331710031,519.517,3,7,0,8,9,1,4,5,2,3
"212","TechnicolorHijack",100,0,2,34.5525,0.0435372501151819,334.254,4,5,0,8,9,1,4,5,2,3
"213","TechnicolorHijack",100,0,2,34.6476,0.0282231710700743,518.992,4,6,0,8,9,1,4,5,2,3
"214","TechnicolorHijack",100,0,2,34.6505,0.0282002321386981,519.517,4,7,0,8,9,1,4,5,2,3
"215","TechnicolorHijack",100,0,2,34.6278,0.0281850201929895,518.992,5,6,0,8,9,1,4,5,2,3
"216","TechnicolorHijack",100,0,2,34.6302,0.0281611573827228,519.517,5,7,0,8,9,1,4,5,2,3
"217","TechnicolorHijack",100,0,2,34.6867,0.0282699122454126,519.517,6,7,0,8,9,1,4,5,2,3
"218","TechnicolorHijack",100,0,3,32.7054,0.0455469041268749,278.952,1,2,3,8,9,1,4,5,2,3
"219","TechnicolorHijack",100,0,3,33.0781,0.0450150932615557,290.527,1,2,4,8,9,1,4,5,2,3
"220","TechnicolorHijack",100,0,3,33.2255,0.0395672153512,334.254,1,2,5,8,9,1,4,5,2,3
"221","TechnicolorHijack",100,0,3,33.301,0.0256285260659124,518.992,1,2,6,8,9,1,4,5,2,3
"222","TechnicolorHijack",100,0,3,33.3038,0.0256080166770289,519.517,1,2,7,8,9,1,4,5,2,3
"223","TechnicolorHijack",100,0,3,33.0832,0.0450326475680401,290.527,1,3,4,8,9,1,4,5,2,3
"224","TechnicolorHijack",100,0,3,33.2324,0.039587858335278,334.254,1,3,5,8,9,1,4,5,2,3
"225","TechnicolorHijack",100,0,3,33.3081,0.0256422064309277,518.992,1,3,6,8,9,1,4,5,2,3
"226","TechnicolorHijack",100,0,3,33.3117,0.0256232231091572,519.517,1,3,7,8,9,1,4,5,2,3
"227","TechnicolorHijack",100,0,3,33.2756,0.039717101366027,334.254,1,4,5,8,9,1,4,5,2,3
"228","TechnicolorHijack",100,0,3,33.3483,0.0257196642722817,518.992,1,4,6,8,9,1,4,5,2,3
"229","TechnicolorHijack",100,0,3,33.3497,0.0256963679725591,519.517,1,4,7,8,9,1,4,5,2,3
"230","TechnicolorHijack",100,0,3,33.3331,0.0256903767302772,518.992,1,5,6,8,9,1,4,5,2,3
"231","TechnicolorHijack",100,0,3,33.3341,0.0256663400812678,519.517,1,5,7,8,9,1,4,5,2,3
"232","TechnicolorHijack",100,0,3,33.3734,0.025741987268944,519.517,1,6,7,8,9,1,4,5,2,3
"233","TechnicolorHijack",100,0,3,34.2045,0.0488921855799977,290.527,2,3,4,8,9,1,4,5,2,3
"234","TechnicolorHijack",100,0,3,34.398,0.0430750267760446,334.254,2,3,5,8,9,1,4,5,2,3
"235","TechnicolorHijack",100,0,3,34.4953,0.0279297176064371,518.992,2,3,6,8,9,1,4,5,2,3
"236","TechnicolorHijack",100,0,3,34.5012,0.0279128498201214,519.517,2,3,7,8,9,1,4,5,2,3
"237","TechnicolorHijack",100,0,3,34.3678,0.0429846763239931,334.254,2,4,5,8,9,1,4,5,2,3
"238","TechnicolorHijack",100,0,3,34.4677,0.0278765375959552,518.992,2,4,6,8,9,1,4,5,2,3
"239","TechnicolorHijack",100,0,3,34.4702,0.027853179010504,519.517,2,4,7,8,9,1,4,5,2,3
"240","TechnicolorHijack",100,0,3,34.471,0.0278828960754694,518.992,2,5,6,8,9,1,4,5,2,3
"241","TechnicolorHijack",100,0,3,34.4729,0.0278583761455352,519.517,2,5,7,8,9,1,4,5,2,3
"242","TechnicolorHijack",100,0,3,34.5044,0.0279190093875657,519.517,2,6,7,8,9,1,4,5,2,3
"243","TechnicolorHijack",100,0,3,34.3808,0.0430235689026908,334.254,3,4,5,8,9,1,4,5,2,3
"244","TechnicolorHijack",100,0,3,34.4799,0.0279000447020378,518.992,3,4,6,8,9,1,4,5,2,3
"245","TechnicolorHijack",100,0,3,34.4824,0.0278766623613857,519.517,3,4,7,8,9,1,4,5,2,3
"246","TechnicolorHijack",100,0,3,34.4855,0.0279108348490921,518.992,3,5,6,8,9,1,4,5,2,3
"247","TechnicolorHijack",100,0,3,34.4875,0.0278864791720001,519.517,3,5,7,8,9,1,4,5,2,3
"248","TechnicolorHijack",100,0,3,34.5204,0.0279498072247876,519.517,3,6,7,8,9,1,4,5,2,3
"249","TechnicolorHijack",100,0,3,34.6263,0.0281821299750285,518.992,4,5,6,8,9,1,4,5,2,3
"250","TechnicolorHijack",100,0,3,34.6287,0.0281582700854832,519.517,4,5,7,8,9,1,4,5,2,3
"251","TechnicolorHijack",100,0,3,34.6608,0.0282200582464096,519.517,4,6,7,8,9,1,4,5,2,3
"252","TechnicolorHijack",100,0,3,34.641,0.0281819459228476,519.517,5,6,7,8,9,1,4,5,2,3
"253","TechnicolorHijack",100,6,1,31.7594,0.0417546363859092,281.631,1,0,0,9,5,1,4,2,3,8
"254","TechnicolorHijack",100,6,1,32.6416,0.0391742226574363,322.702,2,0,0,9,5,1,4,2,3,8
"255","TechnicolorHijack",100,6,1,32.6448,0.0385765059413945,327.785,3,0,0,9,5,1,4,2,3,8
"256","TechnicolorHijack",100,6,1,32.7959,0.0370283878808924,345.57,4,0,0,9,5,1,4,2,3,8
"257","TechnicolorHijack",100,6,1,32.8277,0.023857676370156,537.676,5,0,0,9,5,1,4,2,3,8
"258","TechnicolorHijack",100,6,1,32.8382,0.0238069365040806,539.263,6,0,0,9,5,1,4,2,3,8
"259","TechnicolorHijack",100,6,1,32.855,0.0237460584867914,541.353,7,0,0,9,5,1,4,2,3,8
"260","TechnicolorHijack",100,6,2,32.0963,0.0374844283580517,322.702,1,2,0,9,5,1,4,2,3,8
"261","TechnicolorHijack",100,6,2,32.1206,0.0369772869411352,327.785,1,3,0,9,5,1,4,2,3,8
"262","TechnicolorHijack",100,6,2,32.1979,0.0352979135920363,345.57,1,4,0,9,5,1,4,2,3,8
"263","TechnicolorHijack",100,6,2,32.2152,0.0227185144957186,537.676,1,5,0,9,5,1,4,2,3,8
"264","TechnicolorHijack",100,6,2,32.2219,0.0226640804208707,539.263,1,6,0,9,5,1,4,2,3,8
"265","TechnicolorHijack",100,6,2,32.2273,0.0225865562765885,541.353,1,7,0,9,5,1,4,2,3,8
"266","TechnicolorHijack",100,6,2,32.6672,0.0386448434187043,327.785,2,3,0,9,5,1,4,2,3,8
"267","TechnicolorHijack",100,6,2,32.7575,0.0369172671238823,345.57,2,4,0,9,5,1,4,2,3,8
"268","TechnicolorHijack",100,6,2,32.7875,0.0237829101540705,537.676,2,5,0,9,5,1,4,2,3,8
"269","TechnicolorHijack",100,6,2,32.7953,0.0237273834844964,539.263,2,6,0,9,5,1,4,2,3,8
"270","TechnicolorHijack",100,6,2,32.8019,0.0236479709173127,541.353,2,7,0,9,5,1,4,2,3,8
"271","TechnicolorHijack",100,6,2,32.7341,0.0368495529125792,345.57,3,4,0,9,5,1,4,2,3,8
"272","TechnicolorHijack",100,6,2,32.7621,0.0237356698085836,537.676,3,5,0,9,5,1,4,2,3,8
"273","TechnicolorHijack",100,6,2,32.7699,0.0236802821628779,539.263,3,6,0,9,5,1,4,2,3,8
"274","TechnicolorHijack",100,6,2,32.7763,0.0236006819949275,541.353,3,7,0,9,5,1,4,2,3,8
"275","TechnicolorHijack",100,6,2,32.825,0.0238526547586279,537.676,4,5,0,9,5,1,4,2,3,8
"276","TechnicolorHijack",100,6,2,32.8364,0.023803598615147,539.263,4,6,0,9,5,1,4,2,3,8
"277","TechnicolorHijack",100,6,2,32.8369,0.0237126237408863,541.353,4,7,0,9,5,1,4,2,3,8
"278","TechnicolorHijack",100,6,2,32.8388,0.0238080491337251,539.263,5,6,0,9,5,1,4,2,3,8
"279","TechnicolorHijack",100,6,2,32.8395,0.023717426522066,541.353,5,7,0,9,5,1,4,2,3,8
"280","TechnicolorHijack",100,6,2,32.8396,0.0237176112444191,541.353,6,7,0,9,5,1,4,2,3,8
"281","TechnicolorHijack",100,6,3,32.1187,0.0369714904586848,327.785,1,2,3,9,5,1,4,2,3,8
"282","TechnicolorHijack",100,6,3,32.1996,0.0353028330005498,345.57,1,2,4,9,5,1,4,2,3,8
"283","TechnicolorHijack",100,6,3,32.2263,0.0227391588986676,537.676,1,2,5,9,5,1,4,2,3,8
"284","TechnicolorHijack",100,6,3,32.2327,0.0226841077544723,539.263,1,2,6,9,5,1,4,2,3,8
"285","TechnicolorHijack",100,6,3,32.238,0.0226063215683667,541.353,1,2,7,9,5,1,4,2,3,8
"286","TechnicolorHijack",100,6,3,32.201,0.0353068842781491,345.57,1,3,4,9,5,1,4,2,3,8
"287","TechnicolorHijack",100,6,3,32.2265,0.0227395308698919,537.676,1,3,5,9,5,1,4,2,3,8
"288","TechnicolorHijack",100,6,3,32.2329,0.0226844786310205,539.263,1,3,6,9,5,1,4,2,3,8
"289","TechnicolorHijack",100,6,3,32.238,0.0226063215683667,541.353,1,3,7,9,5,1,4,2,3,8
"290","TechnicolorHijack",100,6,3,32.2249,0.0227365551000974,537.676,1,4,5,9,5,1,4,2,3,8
"291","TechnicolorHijack",100,6,3,32.2311,0.0226811407420869,539.263,1,4,6,9,5,1,4,2,3,8
"292","TechnicolorHijack",100,6,3,32.2313,0.0225939451707112,541.353,1,4,7,9,5,1,4,2,3,8
"293","TechnicolorHijack",100,6,3,32.2215,0.0226633386677743,539.263,1,5,6,9,5,1,4,2,3,8
"294","TechnicolorHijack",100,6,3,32.2214,0.0225756576577575,541.353,1,5,7,9,5,1,4,2,3,8
"295","TechnicolorHijack",100,6,3,32.2222,0.022577135436582,541.353,1,6,7,9,5,1,4,2,3,8
"296","TechnicolorHijack",100,6,3,32.7573,0.0369166883699395,345.57,2,3,4,9,5,1,4,2,3,8
"297","TechnicolorHijack",100,6,3,32.7859,0.023779934384276,537.676,2,3,5,9,5,1,4,2,3,8
"298","TechnicolorHijack",100,6,3,32.7937,0.023724416472111,539.263,2,3,6,9,5,1,4,2,3,8
"299","TechnicolorHijack",100,6,3,32.8001,0.0236446459149575,541.353,2,3,7,9,5,1,4,2,3,8
"300","TechnicolorHijack",100,6,3,32.7882,0.0237842120533556,537.676,2,4,5,9,5,1,4,2,3,8
"301","TechnicolorHijack",100,6,3,32.7956,0.0237279397993187,539.263,2,4,6,9,5,1,4,2,3,8
"302","TechnicolorHijack",100,6,3,32.7963,0.023637626465541,541.353,2,4,7,9,5,1,4,2,3,8
"303","TechnicolorHijack",100,6,3,32.7952,0.0237271980462223,539.263,2,5,6,9,5,1,4,2,3,8
"304","TechnicolorHijack",100,6,3,32.7956,0.0236363334090695,541.353,2,5,7,9,5,1,4,2,3,8
"305","TechnicolorHijack",100,6,3,32.7962,0.0236374417431879,541.353,2,6,7,9,5,1,4,2,3,8
"306","TechnicolorHijack",100,6,3,32.7642,0.0237395755064388,537.676,3,4,5,9,5,1,4,2,3,8
"307","TechnicolorHijack",100,6,3,32.7717,0.0236836200518115,539.263,3,4,6,9,5,1,4,2,3,8
"308","TechnicolorHijack",100,6,3,32.7724,0.0235934778231579,541.353,3,4,7,9,5,1,4,2,3,8
"309","TechnicolorHijack",100,6,3,32.7695,0.0236795404097815,539.263,3,5,6,9,5,1,4,2,3,8
"310","TechnicolorHijack",100,6,3,32.7698,0.0235886750419782,541.353,3,5,7,9,5,1,4,2,3,8
"311","TechnicolorHijack",100,6,3,32.7708,0.0235905222655088,541.353,3,6,7,9,5,1,4,2,3,8
"312","TechnicolorHijack",100,6,3,32.8363,0.0238034131768729,539.263,4,5,6,9,5,1,4,2,3,8
"313","TechnicolorHijack",100,6,3,32.8366,0.0237120695738271,541.353,4,5,7,9,5,1,4,2,3,8
"314","TechnicolorHijack",100,6,3,32.8372,0.0237131779079455,541.353,4,6,7,9,5,1,4,2,3,8
"315","TechnicolorHijack",100,6,3,32.84,0.0237183501338314,541.353,5,6,7,9,5,1,4,2,3,8
"316","TechnicolorHijack",100,7,1,27.4852,0.0260363838742217,287.49,1,0,0,9,8,2,3,1,4,5
"317","TechnicolorHijack",100,7,1,27.5773,0.0261599223898941,289.653,2,0,0,9,8,2,3,1,4,5
"318","TechnicolorHijack",100,7,1,32.4374,0.025413204142973,489.407,3,0,0,9,8,2,3,1,4,5
"319","TechnicolorHijack",100,7,1,32.4754,0.0253389933785595,492.34,4,0,0,9,8,2,3,1,4,5
"320","TechnicolorHijack",100,7,1,32.4502,0.0251101197199006,495.824,5,0,0,9,8,2,3,1,4,5
"321","TechnicolorHijack",100,7,1,32.4901,0.0245151957666973,509.484,6,0,0,9,8,2,3,1,4,5
"322","TechnicolorHijack",100,7,1,32.8063,0.0229281698714506,558.54,7,0,0,9,8,2,3,1,4,5
"323","TechnicolorHijack",100,7,2,27.537,0.0260207903940232,289.653,1,2,0,9,8,2,3,1,4,5
"324","TechnicolorHijack",100,7,2,32.0331,0.0245871023503955,489.407,1,3,0,9,8,2,3,1,4,5
"325","TechnicolorHijack",100,7,2,32.0335,0.0244414429053093,492.34,1,4,0,9,8,2,3,1,4,5
"326","TechnicolorHijack",100,7,2,32.0307,0.0242640533737778,495.824,1,5,0,9,8,2,3,1,4,5
"327","TechnicolorHijack",100,7,2,32.0777,0.0237057493463975,509.484,1,6,0,9,8,2,3,1,4,5
"328","TechnicolorHijack",100,7,2,32.3813,0.022167257492749,558.54,1,7,0,9,8,2,3,1,4,5
"329","TechnicolorHijack",100,7,2,32.1486,0.0248231022441444,489.407,2,3,0,9,8,2,3,1,4,5
"330","TechnicolorHijack",100,7,2,32.1491,0.0246762399967502,492.34,2,4,0,9,8,2,3,1,4,5
"331","TechnicolorHijack",100,7,2,32.1452,0.0244949820904192,495.824,2,5,0,9,8,2,3,1,4,5
"332","TechnicolorHijack",100,7,2,32.1917,0.0239295051463834,509.484,2,6,0,9,8,2,3,1,4,5
"333","TechnicolorHijack",100,7,2,32.5044,0.0223876535252623,558.54,2,7,0,9,8,2,3,1,4,5
"334","TechnicolorHijack",100,7,2,32.4377,0.0252624202786692,492.34,3,4,0,9,8,2,3,1,4,5
"335","TechnicolorHijack",100,7,2,32.4424,0.0250943883313434,495.824,3,5,0,9,8,2,3,1,4,5
"336","TechnicolorHijack",100,7,2,32.4784,0.0244922313556461,509.484,3,6,0,9,8,2,3,1,4,5
"337","TechnicolorHijack",100,7,2,32.5239,0.0224225659755792,558.54,3,7,0,9,8,2,3,1,4,5
"338","TechnicolorHijack",100,7,2,32.4802,0.0251706250605053,495.824,4,5,0,9,8,2,3,1,4,5
"339","TechnicolorHijack",100,7,2,32.5155,0.0245650501291503,509.484,4,6,0,9,8,2,3,1,4,5
"340","TechnicolorHijack",100,7,2,32.5611,0.0224891681884914,558.54,4,7,0,9,8,2,3,1,4,5
"341","TechnicolorHijack",100,7,2,32.4802,0.0244957643419617,509.484,5,6,0,9,8,2,3,1,4,5
"342","TechnicolorHijack",100,7,2,32.5253,0.0224250725104737,558.54,5,7,0,9,8,2,3,1,4,5
"343","TechnicolorHijack",100,7,2,32.5345,0.022441544025495,558.54,6,7,0,9,8,2,3,1,4,5
"344","TechnicolorHijack",100,7,3,32.0368,0.0245946625201519,489.407,1,2,3,9,8,2,3,1,4,5
"345","TechnicolorHijack",100,7,3,32.0372,0.0244489580371288,492.34,1,2,4,9,8,2,3,1,4,5
"346","TechnicolorHijack",100,7,3,32.0341,0.024270910645713,495.824,1,2,5,9,8,2,3,1,4,5
"347","TechnicolorHijack",100,7,3,32.0798,0.0237098711637657,509.484,1,2,6,9,8,2,3,1,4,5
"348","TechnicolorHijack",100,7,3,32.3837,0.022171554409711,558.54,1,2,7,9,8,2,3,1,4,5
"349","TechnicolorHijack",100,7,3,32.0332,0.024440833570297,492.34,1,3,4,9,8,2,3,1,4,5
"350","TechnicolorHijack",100,7,3,32.0396,0.0242820032914905,495.824,1,3,5,9,8,2,3,1,4,5
"351","TechnicolorHijack",100,7,3,32.0731,0.0236967206035911,509.484,1,3,6,9,8,2,3,1,4,5
"352","TechnicolorHijack",100,7,3,32.1129,0.021686718945823,558.54,1,3,7,9,8,2,3,1,4,5
"353","TechnicolorHijack",100,7,3,32.0399,0.0242826083448966,495.824,1,4,5,9,8,2,3,1,4,5
"354","TechnicolorHijack",100,7,3,32.0723,0.0236951503874508,509.484,1,4,6,9,8,2,3,1,4,5
"355","TechnicolorHijack",100,7,3,32.1121,0.021685286640169,558.54,1,4,7,9,8,2,3,1,4,5
"356","TechnicolorHijack",100,7,3,32.0584,0.023667867882014,509.484,1,5,6,9,8,2,3,1,4,5
"357","TechnicolorHijack",100,7,3,32.098,0.0216600422530168,558.54,1,5,7,9,8,2,3,1,4,5
"358","TechnicolorHijack",100,7,3,32.1169,0.0216938804740932,558.54,1,6,7,9,8,2,3,1,4,5
"359","TechnicolorHijack",100,7,3,32.1487,0.024675427550067,492.34,2,3,4,9,8,2,3,1,4,5
"360","TechnicolorHijack",100,7,3,32.1544,0.024513537061538,495.824,2,3,5,9,8,2,3,1,4,5
"361","TechnicolorHijack",100,7,3,32.1883,0.0239228317277873,509.484,2,3,6,9,8,2,3,1,4,5
"362","TechnicolorHijack",100,7,3,32.2297,0.0218958355713109,558.54,2,3,7,9,8,2,3,1,4,5
"363","TechnicolorHijack",100,7,3,32.1548,0.0245143437994127,495.824,2,4,5,9,8,2,3,1,4,5
"364","TechnicolorHijack",100,7,3,32.1876,0.0239214577886646,509.484,2,4,6,9,8,2,3,1,4,5
"365","TechnicolorHijack",100,7,3,32.2289,0.0218944032656569,558.54,2,4,7,9,8,2,3,1,4,5
"366","TechnicolorHijack",100,7,3,32.1731,0.0238929976211225,509.484,2,5,6,9,8,2,3,1,4,5
"367","TechnicolorHijack",100,7,3,32.2143,0.0218682636874709,558.54,2,5,7,9,8,2,3,1,4,5
"368","TechnicolorHijack",100,7,3,32.2325,0.0219008486411,558.54,2,6,7,9,8,2,3,1,4,5
"369","TechnicolorHijack",100,7,3,32.4424,0.0250943883313434,495.824,3,4,5,9,8,2,3,1,4,5
"370","TechnicolorHijack",100,7,3,32.4773,0.0244900723084533,509.484,3,4,6,9,8,2,3,1,4,5
"371","TechnicolorHijack",100,7,3,32.5228,0.0224205965553049,558.54,3,4,7,9,8,2,3,1,4,5
"372","TechnicolorHijack",100,7,3,32.4722,0.0244800621805592,509.484,3,5,6,9,8,2,3,1,4,5
"373","TechnicolorHijack",100,7,3,32.5176,0.0224112865685537,558.54,3,5,7,9,8,2,3,1,4,5
"374","TechnicolorHijack",100,7,3,32.5231,0.0224211336699252,558.54,3,6,7,9,8,2,3,1,4,5
"375","TechnicolorHijack",100,7,3,32.5104,0.0245550400012562,509.484,4,5,6,9,8,2,3,1,4,5
"376","TechnicolorHijack",100,7,3,32.5559,0.0224798582017403,558.54,4,5,7,9,8,2,3,1,4,5
"377","TechnicolorHijack",100,7,3,32.5603,0.0224877358828374,558.54,4,6,7,9,8,2,3,1,4,5
"378","TechnicolorHijack",100,7,3,32.5245,0.0224236402048197,558.54,5,6,7,9,8,2,3,1,4,5
"379","TechnicolorHijack",150,0,1,13.7096,-0.118389701315567,53.133,1,0,0,8,9,1,4,5,2,3
"380","TechnicolorHijack",150,0,1,33.0366,0.0474184056131264,274.927,2,0,0,8,9,1,4,5,2,3
"381","TechnicolorHijack",150,0,1,33.4027,0.0479719814163917,279.386,3,0,0,8,9,1,4,5,2,3
"382","TechnicolorHijack",150,0,1,33.9924,0.0480188336067318,291.394,4,0,0,8,9,1,4,5,2,3
"383","TechnicolorHijack",150,0,1,34.0779,0.0419922445935869,335.25,5,0,0,8,9,1,4,5,2,3
"384","TechnicolorHijack",150,0,1,34.2844,0.0274076476017061,521.183,6,0,0,8,9,1,4,5,2,3
"385","TechnicolorHijack",150,0,1,34.2904,0.027366808380252,522.18,7,0,0,8,9,1,4,5,2,3
"386","TechnicolorHijack",150,0,2,31.9039,0.0432984028487562,274.927,1,2,0,8,9,1,4,5,2,3
"387","TechnicolorHijack",150,0,2,32.1721,0.0435673226289077,279.386,1,3,0,8,9,1,4,5,2,3
"388","TechnicolorHijack",150,0,2,32.6093,0.0432723391696466,291.394,1,4,0,8,9,1,4,5,2,3
"389","TechnicolorHijack",150,0,2,32.6713,0.0377965697240865,335.25,1,5,0,8,9,1,4,5,2,3
"390","TechnicolorHijack",150,0,2,32.8164,0.0245909786006067,521.183,1,6,0,8,9,1,4,5,2,3
"391","TechnicolorHijack",150,0,2,32.8182,0.0245474740510935,522.18,1,7,0,8,9,1,4,5,2,3
"392","TechnicolorHijack",150,0,2,33.1679,0.0471315670792381,279.386,2,3,0,8,9,1,4,5,2,3
"393","TechnicolorHijack",150,0,2,33.6664,0.0469000734400846,291.394,2,4,0,8,9,1,4,5,2,3
"394","TechnicolorHijack",150,0,2,33.7665,0.0410633855331842,335.25,2,5,0,8,9,1,4,5,2,3
"395","TechnicolorHijack",150,0,2,33.8514,0.026576845369093,521.183,2,6,0,8,9,1,4,5,2,3
"396","TechnicolorHijack",150,0,2,33.851,0.0265253360910031,522.18,2,7,0,8,9,1,4,5,2,3
"397","TechnicolorHijack",150,0,2,33.9306,0.0478067496242201,291.394,3,4,0,8,9,1,4,5,2,3
"398","TechnicolorHijack",150,0,2,34.0385,0.0418747203579418,335.25,3,5,0,8,9,1,4,5,2,3
"399","TechnicolorHijack",150,0,2,34.1051,0.0270636225663539,521.183,3,6,0,8,9,1,4,5,2,3
"400","TechnicolorHijack",150,0,2,34.1047,0.0270111838829522,522.18,3,7,0,8,9,1,4,5,2,3
"401","TechnicolorHijack",150,0,2,34.0698,0.0419680835197614,335.25,4,5,0,8,9,1,4,5,2,3
"402","TechnicolorHijack",150,0,2,34.1318,0.0271148521728452,521.183,4,6,0,8,9,1,4,5,2,3
"403","TechnicolorHijack",150,0,2,34.1325,0.0270644222298824,522.18,4,7,0,8,9,1,4,5,2,3
"404","TechnicolorHijack",150,0,2,34.1104,0.027073791739178,521.183,5,6,0,8,9,1,4,5,2,3
"405","TechnicolorHijack",150,0,2,34.1111,0.0270234401930369,522.18,5,7,0,8,9,1,4,5,2,3
"406","TechnicolorHijack",150,0,2,34.2852,0.0273568501283083,522.18,6,7,0,8,9,1,4,5,2,3
"407","TechnicolorHijack",150,0,3,32.0045,0.042967435734074,279.386,1,2,3,8,9,1,4,5,2,3
"408","TechnicolorHijack",150,0,3,32.385,0.0425025909936375,291.394,1,2,4,8,9,1,4,5,2,3
"409","TechnicolorHijack",150,0,3,32.4593,0.0371642058165548,335.25,1,2,5,8,9,1,4,5,2,3
"410","TechnicolorHijack",150,0,3,32.5226,0.0240272610580161,521.183,1,2,6,8,9,1,4,5,2,3
"411","TechnicolorHijack",150,0,3,32.5222,0.0239806197096787,522.18,1,2,7,8,9,1,4,5,2,3
"412","TechnicolorHijack",150,0,3,32.5683,0.0431316362039026,291.394,1,3,4,8,9,1,4,5,2,3
"413","TechnicolorHijack",150,0,3,32.6469,0.037723788217748,335.25,1,3,5,8,9,1,4,5,2,3
"414","TechnicolorHijack",150,0,3,32.6961,0.0243601575646174,521.183,1,3,6,8,9,1,4,5,2,3
"415","TechnicolorHijack",150,0,3,32.6956,0.0243126891110345,522.18,1,3,7,8,9,1,4,5,2,3
"416","TechnicolorHijack",150,0,3,32.6654,0.0377789709172259,335.25,1,4,5,8,9,1,4,5,2,3
"417","TechnicolorHijack",150,0,3,32.7116,0.0243898975983484,521.183,1,4,6,8,9,1,4,5,2,3
"418","TechnicolorHijack",150,0,3,32.7119,0.0243439044007813,522.18,1,4,7,8,9,1,4,5,2,3
"419","TechnicolorHijack",150,0,3,32.6961,0.0243601575646174,521.183,1,5,6,8,9,1,4,5,2,3
"420","TechnicolorHijack",150,0,3,32.6964,0.0243142211497951,522.18,1,5,7,8,9,1,4,5,2,3
"421","TechnicolorHijack",150,0,3,32.8167,0.0245446014784174,522.18,1,6,7,8,9,1,4,5,2,3
"422","TechnicolorHijack",150,0,3,33.6665,0.0469004166180498,291.394,2,3,4,8,9,1,4,5,2,3
"423","TechnicolorHijack",150,0,3,33.768,0.0410678598061148,335.25,2,3,5,8,9,1,4,5,2,3
"424","TechnicolorHijack",150,0,3,33.8306,0.0265369361625379,521.183,2,3,6,8,9,1,4,5,2,3
"425","TechnicolorHijack",150,0,3,33.8302,0.026485503083228,522.18,2,3,7,8,9,1,4,5,2,3
"426","TechnicolorHijack",150,0,3,33.7395,0.0409828486204325,335.25,2,4,5,8,9,1,4,5,2,3
"427","TechnicolorHijack",150,0,3,33.8047,0.0264872415255294,521.183,2,4,6,8,9,1,4,5,2,3
"428","TechnicolorHijack",150,0,3,33.8051,0.0264374353671148,522.18,2,4,7,8,9,1,4,5,2,3
"429","TechnicolorHijack",150,0,3,33.8046,0.0264870496543441,521.183,2,5,6,8,9,1,4,5,2,3
"430","TechnicolorHijack",150,0,3,33.805,0.0264372438622697,522.18,2,5,7,8,9,1,4,5,2,3
"431","TechnicolorHijack",150,0,3,33.8518,0.0265268681297637,522.18,2,6,7,8,9,1,4,5,2,3
"432","TechnicolorHijack",150,0,3,34.0082,0.0417843400447427,335.25,3,4,5,8,9,1,4,5,2,3
"433","TechnicolorHijack",150,0,3,34.0777,0.0270110498615649,521.183,3,4,6,8,9,1,4,5,2,3
"434","TechnicolorHijack",150,0,3,34.078,0.0269600520893179,522.18,3,4,7,8,9,1,4,5,2,3
"435","TechnicolorHijack",150,0,3,34.0791,0.02701373605816,521.183,3,5,6,8,9,1,4,5,2,3
"436","TechnicolorHijack",150,0,3,34.0795,0.026962924661994,522.18,3,5,7,8,9,1,4,5,2,3
"437","TechnicolorHijack",150,0,3,34.1056,0.0270129074265579,522.18,3,6,7,8,9,1,4,5,2,3
"438","TechnicolorHijack",150,0,3,34.1025,0.0270586339155345,521.183,4,5,6,8,9,1,4,5,2,3
"439","TechnicolorHijack",150,0,3,34.1031,0.0270081198054311,522.18,4,5,7,8,9,1,4,5,2,3
"440","TechnicolorHijack",150,0,3,34.1326,0.0270646137347275,522.18,4,6,7,8,9,1,4,5,2,3
"441","TechnicolorHijack",150,0,3,34.1112,0.027023631697882,522.18,5,6,7,8,9,1,4,5,2,3
"442","TechnicolorHijack",150,6,1,31.7175,0.0413665889995058,283.26,1,0,0,9,5,1,4,2,3,8
"443","TechnicolorHijack",150,6,1,32.5145,0.0387497406775515,322.957,2,0,0,9,5,1,4,2,3,8
"444","TechnicolorHijack",150,6,1,32.5289,0.0383240548146336,326.92,3,0,0,9,5,1,4,2,3,8
"445","TechnicolorHijack",150,6,1,32.6901,0.0371494396889893,341.596,4,0,0,9,5,1,4,2,3,8
"446","TechnicolorHijack",150,6,1,32.7591,0.0237124495424438,538.076,5,0,0,9,5,1,4,2,3,8
"447","TechnicolorHijack",150,6,1,32.7585,0.0236821980257565,538.738,6,0,0,9,5,1,4,2,3,8
"448","TechnicolorHijack",150,6,1,32.7508,0.023530367032241,541.887,7,0,0,9,5,1,4,2,3,8
"449","TechnicolorHijack",150,6,2,32.0086,0.0371832782692433,322.957,1,2,0,9,5,1,4,2,3,8
"450","TechnicolorHijack",150,6,2,32.0108,0.0367392634283617,326.92,1,3,0,9,5,1,4,2,3,8
"451","TechnicolorHijack",150,6,2,32.0911,0.0353959062752491,341.596,1,4,0,9,5,1,4,2,3,8
"452","TechnicolorHijack",150,6,2,32.1365,0.0225553639262855,538.076,1,5,0,9,5,1,4,2,3,8
"453","TechnicolorHijack",150,6,2,32.1362,0.02252709109066,538.738,1,6,0,9,5,1,4,2,3,8
"454","TechnicolorHijack",150,6,2,32.1359,0.0223956286089166,541.887,1,7,0,9,5,1,4,2,3,8
"455","TechnicolorHijack",150,6,2,32.5176,0.0382894897834333,326.92,2,3,0,9,5,1,4,2,3,8
"456","TechnicolorHijack",150,6,2,32.6117,0.0369199288047869,341.596,2,4,0,9,5,1,4,2,3,8
"457","TechnicolorHijack",150,6,2,32.6692,0.0235453727726195,538.076,2,5,0,9,5,1,4,2,3,8
"458","TechnicolorHijack",150,6,2,32.6685,0.0235151409404943,538.738,2,6,0,9,5,1,4,2,3,8
"459","TechnicolorHijack",150,6,2,32.6682,0.0233779367285061,541.887,2,7,0,9,5,1,4,2,3,8
"460","TechnicolorHijack",150,6,2,32.6273,0.0369655967868476,341.596,3,4,0,9,5,1,4,2,3,8
"461","TechnicolorHijack",150,6,2,32.6861,0.0235767809751782,538.076,3,5,0,9,5,1,4,2,3,8
"462","TechnicolorHijack",150,6,2,32.6852,0.0235461393107596,538.738,3,6,0,9,5,1,4,2,3,8
"463","TechnicolorHijack",150,6,2,32.6846,0.02340820134087,541.887,3,7,0,9,5,1,4,2,3,8
"464","TechnicolorHijack",150,6,2,32.7492,0.0236940506545544,538.076,4,5,0,9,5,1,4,2,3,8
"465","TechnicolorHijack",150,6,2,32.7487,0.0236640073653613,538.738,4,6,0,9,5,1,4,2,3,8
"466","TechnicolorHijack",150,6,2,32.7462,0.0235218781775536,541.887,4,7,0,9,5,1,4,2,3,8
"467","TechnicolorHijack",150,6,2,32.759,0.0236831261206746,538.738,5,6,0,9,5,1,4,2,3,8
"468","TechnicolorHijack",150,6,2,32.7566,0.02354107037076,541.887,5,7,0,9,5,1,4,2,3,8
"469","TechnicolorHijack",150,6,2,32.7562,0.0235403322094828,541.887,6,7,0,9,5,1,4,2,3,8
"470","TechnicolorHijack",150,6,3,32.0099,0.0367365104612749,326.92,1,2,3,9,5,1,4,2,3,8
"471","TechnicolorHijack",150,6,3,32.0944,0.0354055668099158,341.596,1,2,4,9,5,1,4,2,3,8
"472","TechnicolorHijack",150,6,3,32.1459,0.0225728335774129,538.076,1,2,5,9,5,1,4,2,3,8
"473","TechnicolorHijack",150,6,3,32.1457,0.0225447248941044,538.738,1,2,6,9,5,1,4,2,3,8
"474","TechnicolorHijack",150,6,3,32.1454,0.0224131599392493,541.887,1,2,7,9,5,1,4,2,3,8
"475","TechnicolorHijack",150,6,3,32.0993,0.0354199112401785,341.596,1,3,4,9,5,1,4,2,3,8
"476","TechnicolorHijack",150,6,3,32.1503,0.0225810108609193,538.076,1,3,5,9,5,1,4,2,3,8
"477","TechnicolorHijack",150,6,3,32.15,0.0225527065104002,538.738,1,3,6,9,5,1,4,2,3,8
"478","TechnicolorHijack",150,6,3,32.1495,0.0224207260923403,541.887,1,3,7,9,5,1,4,2,3,8
"479","TechnicolorHijack",150,6,3,32.1402,0.022562240278325,538.076,1,4,5,9,5,1,4,2,3,8
"480","TechnicolorHijack",150,6,3,32.1396,0.0225334021361033,538.738,1,4,6,9,5,1,4,2,3,8
"481","TechnicolorHijack",150,6,3,32.1373,0.0223982121733867,541.887,1,4,7,9,5,1,4,2,3,8
"482","TechnicolorHijack",150,6,3,32.136,0.0225267198526928,538.738,1,5,6,9,5,1,4,2,3,8
"483","TechnicolorHijack",150,6,3,32.1339,0.0223919378025308,541.887,1,5,7,9,5,1,4,2,3,8
"484","TechnicolorHijack",150,6,3,32.1341,0.0223923068831694,541.887,1,6,7,9,5,1,4,2,3,8
"485","TechnicolorHijack",150,6,3,32.6162,0.0369331022611506,341.596,2,3,4,9,5,1,4,2,3,8
"486","TechnicolorHijack",150,6,3,32.6732,0.0235528066667162,538.076,2,3,5,9,5,1,4,2,3,8
"487","TechnicolorHijack",150,6,3,32.6723,0.023522194461872,538.738,2,3,6,9,5,1,4,2,3,8
"488","TechnicolorHijack",150,6,3,32.6717,0.0233843956396813,541.887,2,3,7,9,5,1,4,2,3,8
"489","TechnicolorHijack",150,6,3,32.6667,0.023540726588809,538.076,2,4,5,9,5,1,4,2,3,8
"490","TechnicolorHijack",150,6,3,32.6654,0.0235093867520019,538.738,2,4,6,9,5,1,4,2,3,8
"491","TechnicolorHijack",150,6,3,32.6629,0.0233681560915837,541.887,2,4,7,9,5,1,4,2,3,8
"492","TechnicolorHijack",150,6,3,32.6681,0.0235143984645598,538.738,2,5,6,9,5,1,4,2,3,8
"493","TechnicolorHijack",150,6,3,32.6658,0.0233735077608431,541.887,2,5,7,9,5,1,4,2,3,8
"494","TechnicolorHijack",150,6,3,32.6662,0.0233742459221203,541.887,2,6,7,9,5,1,4,2,3,8
"495","TechnicolorHijack",150,6,3,32.6833,0.0235715772493105,538.076,3,4,5,9,5,1,4,2,3,8
"496","TechnicolorHijack",150,6,3,32.682,0.0235401995032836,538.738,3,4,6,9,5,1,4,2,3,8
"497","TechnicolorHijack",150,6,3,32.6794,0.0233986052442668,541.887,3,4,7,9,5,1,4,2,3,8
"498","TechnicolorHijack",150,6,3,32.6848,0.0235453968348251,538.738,3,5,6,9,5,1,4,2,3,8
"499","TechnicolorHijack",150,6,3,32.6825,0.0234043259941648,541.887,3,5,7,9,5,1,4,2,3,8
"500","TechnicolorHijack",150,6,3,32.6829,0.023405064155442,541.887,3,6,7,9,5,1,4,2,3,8
"501","TechnicolorHijack",150,6,3,32.7487,0.0236640073653613,538.738,4,5,6,9,5,1,4,2,3,8
"502","TechnicolorHijack",150,6,3,32.7462,0.0235218781775536,541.887,4,5,7,9,5,1,4,2,3,8
"503","TechnicolorHijack",150,6,3,32.7464,0.0235222472581922,541.887,4,6,7,9,5,1,4,2,3,8
"504","TechnicolorHijack",150,6,3,32.7568,0.0235414394513985,541.887,5,6,7,9,5,1,4,2,3,8
"505","TechnicolorHijack",150,7,1,27.665,0.0266006364718498,288.151,1,0,0,9,8,2,3,1,4,5
"506","TechnicolorHijack",150,7,1,27.7344,0.0267654081738589,288.97,2,0,0,9,8,2,3,1,4,5
"507","TechnicolorHijack",150,7,1,32.4246,0.0252829029166319,491.423,3,0,0,9,8,2,3,1,4,5
"508","TechnicolorHijack",150,7,1,32.432,0.0251963397209189,493.405,4,0,0,9,8,2,3,1,4,5
"509","TechnicolorHijack",150,7,1,32.4157,0.0241726940861524,513.625,5,0,0,9,8,2,3,1,4,5
"510","TechnicolorHijack",150,7,1,32.4461,0.0243868077952512,510.362,6,0,0,9,8,2,3,1,4,5
"511","TechnicolorHijack",150,7,1,32.7781,0.0229312588046336,557.235,7,0,0,9,8,2,3,1,4,5
"512","TechnicolorHijack",150,7,2,27.7054,0.0266650517354743,288.97,1,2,0,9,8,2,3,1,4,5
"513","TechnicolorHijack",150,7,2,32.0215,0.0244626319891417,491.423,1,3,0,9,8,2,3,1,4,5
"514","TechnicolorHijack",150,7,2,32.0259,0.0243732836108268,493.405,1,4,0,9,8,2,3,1,4,5
"515","TechnicolorHijack",150,7,2,32.0416,0.0234443416889754,513.625,1,5,0,9,8,2,3,1,4,5
"516","TechnicolorHijack",150,7,2,32.0777,0.0236649672193463,510.362,1,6,0,9,8,2,3,1,4,5
"517","TechnicolorHijack",150,7,2,32.3829,0.0222220427647222,557.235,1,7,0,9,8,2,3,1,4,5
"518","TechnicolorHijack",150,7,2,32.1007,0.0246237966069964,491.423,2,3,0,9,8,2,3,1,4,5
"519","TechnicolorHijack",150,7,2,32.1051,0.0245338008329871,493.405,2,4,0,9,8,2,3,1,4,5
"520","TechnicolorHijack",150,7,2,32.1213,0.0235995132635678,513.625,2,5,0,9,8,2,3,1,4,5
"521","TechnicolorHijack",150,7,2,32.1603,0.0238268131248016,510.362,2,6,0,9,8,2,3,1,4,5
"522","TechnicolorHijack",150,7,2,32.4716,0.0223812215672024,557.235,2,7,0,9,8,2,3,1,4,5
"523","TechnicolorHijack",150,7,2,32.4278,0.0251878274439862,493.405,3,4,0,9,8,2,3,1,4,5
"524","TechnicolorHijack",150,7,2,32.4396,0.0242192260890728,513.625,3,5,0,9,8,2,3,1,4,5
"525","TechnicolorHijack",150,7,2,32.4736,0.0244406911172854,510.362,3,6,0,9,8,2,3,1,4,5
"526","TechnicolorHijack",150,7,2,32.5161,0.0224610801546924,557.235,3,7,0,9,8,2,3,1,4,5
"527","TechnicolorHijack",150,7,2,32.4448,0.024229350206863,513.625,4,5,0,9,8,2,3,1,4,5
"528","TechnicolorHijack",150,7,2,32.4773,0.0244479408733409,510.362,4,6,0,9,8,2,3,1,4,5
"529","TechnicolorHijack",150,7,2,32.5199,0.0224678995396915,557.235,4,7,0,9,8,2,3,1,4,5
"530","TechnicolorHijack",150,7,2,32.4475,0.0243895509461911,510.362,5,6,0,9,8,2,3,1,4,5
"531","TechnicolorHijack",150,7,2,32.4898,0.0224138828321983,557.235,5,7,0,9,8,2,3,1,4,5
"532","TechnicolorHijack",150,7,2,32.4885,0.0224115498846986,557.235,6,7,0,9,8,2,3,1,4,5
"533","TechnicolorHijack",150,7,3,32.0222,0.0244640564238955,491.423,1,2,3,9,8,2,3,1,4,5
"534","TechnicolorHijack",150,7,3,32.0266,0.0243747023236489,493.405,1,2,4,9,8,2,3,1,4,5
"535","TechnicolorHijack",150,7,3,32.0425,0.0234460939401314,513.625,1,2,5,9,8,2,3,1,4,5
"536","TechnicolorHijack",150,7,3,32.0809,0.0236712372786375,510.362,1,2,6,9,8,2,3,1,4,5
"537","TechnicolorHijack",150,7,3,32.3863,0.0222281443197215,557.235,1,2,7,9,8,2,3,1,4,5
"538","TechnicolorHijack",150,7,3,32.0254,0.0243722702445253,493.405,1,3,4,9,8,2,3,1,4,5
"539","TechnicolorHijack",150,7,3,32.0362,0.0234338281820394,513.625,1,3,5,9,8,2,3,1,4,5
"540","TechnicolorHijack",150,7,3,32.0671,0.023644197647944,510.362,1,3,6,9,8,2,3,1,4,5
"541","TechnicolorHijack",150,7,3,32.1058,0.0217247660322844,557.235,1,3,7,9,8,2,3,1,4,5
"542","TechnicolorHijack",150,7,3,32.0375,0.023436359211487,513.625,1,4,5,9,8,2,3,1,4,5
"543","TechnicolorHijack",150,7,3,32.0676,0.0236451773447083,510.362,1,4,6,9,8,2,3,1,4,5
"544","TechnicolorHijack",150,7,3,32.1062,0.0217254838622843,557.235,1,4,7,9,8,2,3,1,4,5
"545","TechnicolorHijack",150,7,3,32.0714,0.0236526230401166,510.362,1,5,6,9,8,2,3,1,4,5
"546","TechnicolorHijack",150,7,3,32.11,0.0217323032472835,557.235,1,5,7,9,8,2,3,1,4,5
"547","TechnicolorHijack",150,7,3,32.1165,0.021743967984782,557.235,1,6,7,9,8,2,3,1,4,5
"548","TechnicolorHijack",150,7,3,32.1047,0.0245329901399459,493.405,2,3,4,9,8,2,3,1,4,5
"549","TechnicolorHijack",150,7,3,32.1158,0.0235888050620589,513.625,2,3,5,9,8,2,3,1,4,5
"550","TechnicolorHijack",150,7,3,32.1468,0.0238003613121667,510.362,2,3,6,9,8,2,3,1,4,5
"551","TechnicolorHijack",150,7,3,32.1862,0.0218690498622664,557.235,2,3,7,9,8,2,3,1,4,5
"552","TechnicolorHijack",150,7,3,32.1169,0.0235909467023607,513.625,2,4,5,9,8,2,3,1,4,5
"553","TechnicolorHijack",150,7,3,32.1471,0.0238009491302252,510.362,2,4,6,9,8,2,3,1,4,5
"554","TechnicolorHijack",150,7,3,32.1864,0.0218694087772663,557.235,2,4,7,9,8,2,3,1,4,5
"555","TechnicolorHijack",150,7,3,32.1512,0.0238089826436921,510.362,2,5,6,9,8,2,3,1,4,5
"556","TechnicolorHijack",150,7,3,32.1905,0.0218767665347654,557.235,2,5,7,9,8,2,3,1,4,5
"557","TechnicolorHijack",150,7,3,32.1999,0.0218936355397633,557.235,2,6,7,9,8,2,3,1,4,5
"558","TechnicolorHijack",150,7,3,32.4396,0.0242192260890728,513.625,3,4,5,9,8,2,3,1,4,5
"559","TechnicolorHijack",150,7,3,32.4727,0.0244389276631097,510.362,3,4,6,9,8,2,3,1,4,5
"560","TechnicolorHijack",150,7,3,32.5151,0.0224592855796926,557.235,3,4,7,9,8,2,3,1,4,5
"561","TechnicolorHijack",150,7,3,32.4725,0.024438535784404,510.362,3,5,6,9,8,2,3,1,4,5
"562","TechnicolorHijack",150,7,3,32.5149,0.0224589266646926,557.235,3,5,7,9,8,2,3,1,4,5
"563","TechnicolorHijack",150,7,3,32.5162,0.0224612596121923,557.235,3,6,7,9,8,2,3,1,4,5
"564","TechnicolorHijack",150,7,3,32.4771,0.0244475489946352,510.362,4,5,6,9,8,2,3,1,4,5
"565","TechnicolorHijack",150,7,3,32.5197,0.0224675406246916,557.235,4,5,7,9,8,2,3,1,4,5
"566","TechnicolorHijack",150,7,3,32.5201,0.0224682584546915,557.235,4,6,7,9,8,2,3,1,4,5
"567","TechnicolorHijack",150,7,3,32.49,0.0224142417471982,557.235,5,6,7,9,8,2,3,1,4,5
"568","TechnicolorHijack",200,0,1,13.8295,-0.115871406305748,53.253,1,0,0,8,9,1,4,5,2,3
"569","TechnicolorHijack",200,0,1,33.4361,0.0487813821772832,275.435,2,0,0,8,9,1,4,5,2,3
"570","TechnicolorHijack",200,0,1,33.6732,0.0488689852855504,279.793,3,0,0,8,9,1,4,5,2,3
"571","TechnicolorHijack",200,0,1,34.3964,0.0494941056344565,290.871,4,0,0,8,9,1,4,5,2,3
"572","TechnicolorHijack",200,0,1,34.5508,0.0433829053917067,335.404,5,0,0,8,9,1,4,5,2,3
"573","TechnicolorHijack",200,0,1,34.6919,0.0282357892794751,520.329,6,0,0,8,9,1,4,5,2,3
"574","TechnicolorHijack",200,0,1,34.7032,0.0281865428006725,521.639,7,0,0,8,9,1,4,5,2,3
"575","TechnicolorHijack",200,0,2,32.3946,0.0450000907655164,275.435,1,2,0,8,9,1,4,5,2,3
"576","TechnicolorHijack",200,0,2,32.575,0.0449439406990168,279.793,1,3,0,8,9,1,4,5,2,3
"577","TechnicolorHijack",200,0,2,33.1038,0.0450502112620371,290.871,1,4,0,8,9,1,4,5,2,3
"578","TechnicolorHijack",200,0,2,33.2193,0.039413066033798,335.404,1,5,0,8,9,1,4,5,2,3
"579","TechnicolorHijack",200,0,2,33.3249,0.025608605324708,520.329,1,6,0,8,9,1,4,5,2,3
"580","TechnicolorHijack",200,0,2,33.3236,0.0255418018974808,521.639,1,7,0,8,9,1,4,5,2,3
"581","TechnicolorHijack",200,0,2,33.6391,0.0487471094702155,279.793,2,3,0,8,9,1,4,5,2,3
"582","TechnicolorHijack",200,0,2,34.2573,0.0490158867676736,290.871,2,4,0,8,9,1,4,5,2,3
"583","TechnicolorHijack",200,0,2,34.4163,0.0429818964591955,335.404,2,5,0,8,9,1,4,5,2,3
"584","TechnicolorHijack",200,0,2,34.4989,0.0278648701110259,520.329,2,6,0,8,9,1,4,5,2,3
"585","TechnicolorHijack",200,0,2,34.5075,0.0278113791338454,521.639,2,7,0,8,9,1,4,5,2,3
"586","TechnicolorHijack",200,0,2,34.2971,0.0491527171839063,290.871,3,4,0,8,9,1,4,5,2,3
"587","TechnicolorHijack",200,0,2,34.4594,0.0431103982063422,335.404,3,5,0,8,9,1,4,5,2,3
"588","TechnicolorHijack",200,0,2,34.5512,0.0279653834400927,520.329,3,6,0,8,9,1,4,5,2,3
"589","TechnicolorHijack",200,0,2,34.5753,0.0279413540782035,521.639,3,7,0,8,9,1,4,5,2,3
"590","TechnicolorHijack",200,0,2,34.5362,0.0433393757975456,335.404,4,5,0,8,9,1,4,5,2,3
"591","TechnicolorHijack",200,0,2,34.6178,0.0280933793811223,520.329,4,6,0,8,9,1,4,5,2,3
"592","TechnicolorHijack",200,0,2,34.6237,0.0280341385517571,521.639,4,7,0,8,9,1,4,5,2,3
"593","TechnicolorHijack",200,0,2,34.6309,0.0281185557599134,520.329,5,6,0,8,9,1,4,5,2,3
"594","TechnicolorHijack",200,0,2,34.6368,0.028059251704723,521.639,5,7,0,8,9,1,4,5,2,3
"595","TechnicolorHijack",200,0,2,34.6996,0.0281796414761933,521.639,6,7,0,8,9,1,4,5,2,3
"596","TechnicolorHijack",200,0,3,32.5527,0.0448642389194869,279.793,1,2,3,8,9,1,4,5,2,3
"597","TechnicolorHijack",200,0,3,33.0182,0.0447559227286323,290.871,1,2,4,8,9,1,4,5,2,3
"598","TechnicolorHijack",200,0,3,33.1372,0.0391682866036183,335.404,1,2,5,8,9,1,4,5,2,3
"599","TechnicolorHijack",200,0,3,33.1981,0.0253649133528979,520.329,1,2,6,8,9,1,4,5,2,3
"600","TechnicolorHijack",200,0,3,33.1965,0.0252981468026739,521.639,1,2,7,8,9,1,4,5,2,3
"601","TechnicolorHijack",200,0,3,33.0435,0.0448429028675942,290.871,1,3,4,8,9,1,4,5,2,3
"602","TechnicolorHijack",200,0,3,33.1645,0.0392496809817414,335.404,1,3,5,8,9,1,4,5,2,3
"603","TechnicolorHijack",200,0,3,33.2324,0.0254308331843891,520.329,1,3,6,8,9,1,4,5,2,3
"604","TechnicolorHijack",200,0,3,33.2418,0.025384988469037,521.639,1,3,7,8,9,1,4,5,2,3
"605","TechnicolorHijack",200,0,3,33.2071,0.0393766919893621,335.404,1,4,5,8,9,1,4,5,2,3
"606","TechnicolorHijack",200,0,3,33.2686,0.0255004045517355,520.329,1,4,6,8,9,1,4,5,2,3
"607","TechnicolorHijack",200,0,3,33.2646,0.0254286968574052,521.639,1,4,7,8,9,1,4,5,2,3
"608","TechnicolorHijack",200,0,3,33.2796,0.0255215450224762,520.329,1,5,6,8,9,1,4,5,2,3
"609","TechnicolorHijack",200,0,3,33.2756,0.0254497842377583,521.639,1,5,7,8,9,1,4,5,2,3
"610","TechnicolorHijack",200,0,3,33.3218,0.0255383512352412,521.639,1,6,7,8,9,1,4,5,2,3
"611","TechnicolorHijack",200,0,3,34.2575,0.049016574357705,290.871,2,3,4,8,9,1,4,5,2,3
"612","TechnicolorHijack",200,0,3,34.4182,0.0429875612693945,335.404,2,3,5,8,9,1,4,5,2,3
"613","TechnicolorHijack",200,0,3,34.4988,0.0278646779249283,520.329,2,3,6,8,9,1,4,5,2,3
"614","TechnicolorHijack",200,0,3,34.5225,0.0278401346525087,521.639,2,3,7,8,9,1,4,5,2,3
"615","TechnicolorHijack",200,0,3,34.3951,0.0429186891032904,335.404,2,4,5,8,9,1,4,5,2,3
"616","TechnicolorHijack",200,0,3,34.4666,0.0278027940014875,520.329,2,4,6,8,9,1,4,5,2,3
"617","TechnicolorHijack",200,0,3,34.4712,0.0277417907786803,521.639,2,4,7,8,9,1,4,5,2,3
"618","TechnicolorHijack",200,0,3,34.487,0.0278419999654065,520.329,2,5,6,8,9,1,4,5,2,3
"619","TechnicolorHijack",200,0,3,34.4916,0.0277808982840623,521.639,2,5,7,8,9,1,4,5,2,3
"620","TechnicolorHijack",200,0,3,34.5049,0.0278063948439438,521.639,2,6,7,8,9,1,4,5,2,3
"621","TechnicolorHijack",200,0,3,34.4364,0.0430418241881433,335.404,3,4,5,8,9,1,4,5,2,3
"622","TechnicolorHijack",200,0,3,34.519,0.027903499516652,520.329,3,4,6,8,9,1,4,5,2,3
"623","TechnicolorHijack",200,0,3,34.5237,0.0278424350940018,521.639,3,4,7,8,9,1,4,5,2,3
"624","TechnicolorHijack",200,0,3,34.5412,0.0279461648303285,520.329,3,5,6,8,9,1,4,5,2,3
"625","TechnicolorHijack",200,0,3,34.5459,0.0278849932616235,521.639,3,5,7,8,9,1,4,5,2,3
"626","TechnicolorHijack",200,0,3,34.5573,0.0279068474558076,521.639,3,6,7,8,9,1,4,5,2,3
"627","TechnicolorHijack",200,0,3,34.6165,0.028090880961853,520.329,4,5,6,8,9,1,4,5,2,3
"628","TechnicolorHijack",200,0,3,34.6224,0.0280316464068062,521.639,4,5,7,8,9,1,4,5,2,3
"629","TechnicolorHijack",200,0,3,34.6251,0.0280368224001656,521.639,4,6,7,8,9,1,4,5,2,3
"630","TechnicolorHijack",200,0,3,34.6382,0.0280619355531316,521.639,5,6,7,8,9,1,4,5,2,3
"631","TechnicolorHijack",200,6,1,31.4901,0.0407099556056306,282.243,1,0,0,9,5,1,4,2,3,8
"632","TechnicolorHijack",200,6,1,32.2344,0.0379407122101587,322.461,2,0,0,9,5,1,4,2,3,8
"633","TechnicolorHijack",200,6,1,32.2574,0.0375418070444104,326.5,3,0,0,9,5,1,4,2,3,8
"634","TechnicolorHijack",200,6,1,32.335,0.0353431306535399,349.007,4,0,0,9,5,1,4,2,3,8
"635","TechnicolorHijack",200,6,1,32.7895,0.0237824278363839,537.771,5,0,0,9,5,1,4,2,3,8
"636","TechnicolorHijack",200,6,1,32.7836,0.0237031378344251,539.321,6,0,0,9,5,1,4,2,3,8
"637","TechnicolorHijack",200,6,1,32.7823,0.0235986005852434,541.655,7,0,0,9,5,1,4,2,3,8
"638","TechnicolorHijack",200,6,2,31.8139,0.036636678544072,322.461,1,2,0,9,5,1,4,2,3,8
"639","TechnicolorHijack",200,6,2,31.8343,0.0362459418070444,326.5,1,3,0,9,5,1,4,2,3,8
"640","TechnicolorHijack",200,6,2,31.848,0.0339477431684751,349.007,1,4,0,9,5,1,4,2,3,8
"641","TechnicolorHijack",200,6,2,32.2405,0.022761547201318,537.771,1,5,0,9,5,1,4,2,3,8
"642","TechnicolorHijack",200,6,2,32.2395,0.0226942766923595,539.321,1,6,0,9,5,1,4,2,3,8
"643","TechnicolorHijack",200,6,2,32.2434,0.0226036868486398,541.655,1,7,0,9,5,1,4,2,3,8
"644","TechnicolorHijack",200,6,2,32.2555,0.0375359877488514,326.5,2,3,0,9,5,1,4,2,3,8
"645","TechnicolorHijack",200,6,2,32.2734,0.0351666298956754,349.007,2,4,0,9,5,1,4,2,3,8
"646","TechnicolorHijack",200,6,2,32.7193,0.0236518890010804,537.771,2,5,0,9,5,1,4,2,3,8
"647","TechnicolorHijack",200,6,2,32.7185,0.0235824305005739,539.321,2,6,0,9,5,1,4,2,3,8
"648","TechnicolorHijack",200,6,2,32.722,0.0234872751105408,541.655,2,7,0,9,5,1,4,2,3,8
"649","TechnicolorHijack",200,6,2,32.2726,0.0351643376780408,349.007,3,4,0,9,5,1,4,2,3,8
"650","TechnicolorHijack",200,6,2,32.7163,0.0236463104183751,537.771,3,5,0,9,5,1,4,2,3,8
"651","TechnicolorHijack",200,6,2,32.7156,0.0235770533689584,539.321,3,6,0,9,5,1,4,2,3,8
"652","TechnicolorHijack",200,6,2,32.7198,0.0234832134845981,541.655,3,7,0,9,5,1,4,2,3,8
"653","TechnicolorHijack",200,6,2,32.7487,0.0237065591115921,537.771,4,5,0,9,5,1,4,2,3,8
"654","TechnicolorHijack",200,6,2,32.748,0.0236371289083867,539.321,4,6,0,9,5,1,4,2,3,8
"655","TechnicolorHijack",200,6,2,32.7515,0.0235417378220454,541.655,4,7,0,9,5,1,4,2,3,8
"656","TechnicolorHijack",200,6,2,32.7885,0.023712223332672,539.321,5,6,0,9,5,1,4,2,3,8
"657","TechnicolorHijack",200,6,2,32.7908,0.0236142932309311,541.655,5,7,0,9,5,1,4,2,3,8
"658","TechnicolorHijack",200,6,2,32.7858,0.0236050622628795,541.655,6,7,0,9,5,1,4,2,3,8
"659","TechnicolorHijack",200,6,3,31.8331,0.0362422664624809,326.5,1,2,3,9,5,1,4,2,3,8
"660","TechnicolorHijack",200,6,3,31.8498,0.033952900658153,349.007,1,2,4,9,5,1,4,2,3,8
"661","TechnicolorHijack",200,6,3,32.2526,0.022784047484896,537.771,1,2,5,9,5,1,4,2,3,8
"662","TechnicolorHijack",200,6,3,32.2519,0.022717268565474,539.321,1,2,6,9,5,1,4,2,3,8
"663","TechnicolorHijack",200,6,3,32.255,0.0226251026945196,541.655,1,2,7,9,5,1,4,2,3,8
"664","TechnicolorHijack",200,6,3,31.8487,0.0339497488589054,349.007,1,3,4,9,5,1,4,2,3,8
"665","TechnicolorHijack",200,6,3,32.249,0.0227773531856497,537.771,1,3,5,9,5,1,4,2,3,8
"666","TechnicolorHijack",200,6,3,32.2484,0.0227107789238691,539.321,1,3,6,9,5,1,4,2,3,8
"667","TechnicolorHijack",200,6,3,32.2521,0.0226197487330496,541.655,1,3,7,9,5,1,4,2,3,8
"668","TechnicolorHijack",200,6,3,32.2147,0.0227135713900526,537.771,1,4,5,9,5,1,4,2,3,8
"669","TechnicolorHijack",200,6,3,32.2142,0.0226473658544726,539.321,1,4,6,9,5,1,4,2,3,8
"670","TechnicolorHijack",200,6,3,32.217,0.0225549473373273,541.655,1,4,7,9,5,1,4,2,3,8
"671","TechnicolorHijack",200,6,3,32.2402,0.0226955746206805,539.321,1,5,6,9,5,1,4,2,3,8
"672","TechnicolorHijack",200,6,3,32.2421,0.0226012867969464,541.655,1,5,7,9,5,1,4,2,3,8
"673","TechnicolorHijack",200,6,3,32.2413,0.0225998098420581,541.655,1,6,7,9,5,1,4,2,3,8
"674","TechnicolorHijack",200,6,3,32.2707,0.0351588936611587,349.007,2,3,4,9,5,1,4,2,3,8
"675","TechnicolorHijack",200,6,3,32.7137,0.0236414756466972,537.771,2,3,5,9,5,1,4,2,3,8
"676","TechnicolorHijack",200,6,3,32.713,0.0235722324923376,539.321,2,3,6,9,5,1,4,2,3,8
"677","TechnicolorHijack",200,6,3,32.716,0.0234761979488789,541.655,2,3,7,9,5,1,4,2,3,8
"678","TechnicolorHijack",200,6,3,32.6799,0.0235786236148844,537.771,2,4,5,9,5,1,4,2,3,8
"679","TechnicolorHijack",200,6,3,32.6793,0.0235097465145989,539.321,2,4,6,9,5,1,4,2,3,8
"680","TechnicolorHijack",200,6,3,32.6812,0.0234119504112396,541.655,2,4,7,9,5,1,4,2,3,8
"681","TechnicolorHijack",200,6,3,32.719,0.0235833575922317,539.321,2,5,6,9,5,1,4,2,3,8
"682","TechnicolorHijack",200,6,3,32.7201,0.0234837673426812,541.655,2,5,7,9,5,1,4,2,3,8
"683","TechnicolorHijack",200,6,3,32.7196,0.0234828442458761,541.655,2,6,7,9,5,1,4,2,3,8
"684","TechnicolorHijack",200,6,3,32.6792,0.0235773219455865,537.771,3,4,5,9,5,1,4,2,3,8
"685","TechnicolorHijack",200,6,3,32.6786,0.0235084485862779,539.321,3,4,6,9,5,1,4,2,3,8
"686","TechnicolorHijack",200,6,3,32.6817,0.0234128735080448,541.655,3,4,7,9,5,1,4,2,3,8
"687","TechnicolorHijack",200,6,3,32.716,0.0235777950422847,539.321,3,5,6,9,5,1,4,2,3,8
"688","TechnicolorHijack",200,6,3,32.7184,0.0234806288135437,541.655,3,5,7,9,5,1,4,2,3,8
"689","TechnicolorHijack",200,6,3,32.7179,0.0234797057167385,541.655,3,6,7,9,5,1,4,2,3,8
"690","TechnicolorHijack",200,6,3,32.7484,0.0236378705817129,539.321,4,5,6,9,5,1,4,2,3,8
"691","TechnicolorHijack",200,6,3,32.751,0.0235408147252402,541.655,4,5,7,9,5,1,4,2,3,8
"692","TechnicolorHijack",200,6,3,32.7505,0.0235398916284351,541.655,4,6,7,9,5,1,4,2,3,8
"693","TechnicolorHijack",200,6,3,32.7907,0.0236141086115701,541.655,5,6,7,9,5,1,4,2,3,8
"694","TechnicolorHijack",200,7,1,27.5534,0.026139497863063,288.965,1,0,0,9,8,2,3,1,4,5
"695","TechnicolorHijack",200,7,1,27.7297,0.0266365945187825,290.191,2,0,0,9,8,2,3,1,4,5
"696","TechnicolorHijack",200,7,1,32.3912,0.0252083197708482,491.552,3,0,0,9,8,2,3,1,4,5
"697","TechnicolorHijack",200,7,1,32.38,0.0250904919600984,493.414,4,0,0,9,8,2,3,1,4,5
"698","TechnicolorHijack",200,7,1,32.4192,0.0249430610843098,497.902,5,0,0,9,8,2,3,1,4,5
"699","TechnicolorHijack",200,7,1,32.5358,0.0244941264742432,511.788,6,0,0,9,8,2,3,1,4,5
"700","TechnicolorHijack",200,7,1,32.8884,0.023057945423351,558.957,7,0,0,9,8,2,3,1,4,5
"701","TechnicolorHijack",200,7,2,27.6767,0.0264539561874765,290.191,1,2,0,9,8,2,3,1,4,5
"702","TechnicolorHijack",200,7,2,31.9476,0.0243058720135408,491.552,1,3,0,9,8,2,3,1,4,5
"703","TechnicolorHijack",200,7,2,31.9407,0.0242001645676856,493.414,1,4,0,9,8,2,3,1,4,5
"704","TechnicolorHijack",200,7,2,31.9832,0.0240673867548232,497.902,1,5,0,9,8,2,3,1,4,5
"705","TechnicolorHijack",200,7,2,32.0868,0.023616810085426,511.788,1,6,0,9,8,2,3,1,4,5
"706","TechnicolorHijack",200,7,2,32.4017,0.0221872165479634,558.957,1,7,0,9,8,2,3,1,4,5
"707","TechnicolorHijack",200,7,2,32.0893,0.0245941426339431,491.552,2,3,0,9,8,2,3,1,4,5
"708","TechnicolorHijack",200,7,2,32.0891,0.0245009261999052,493.414,2,4,0,9,8,2,3,1,4,5
"709","TechnicolorHijack",200,7,2,32.1328,0.0243678474880599,497.902,2,5,0,9,8,2,3,1,4,5
"710","TechnicolorHijack",200,7,2,32.2444,0.0239247500918349,511.788,2,6,0,9,8,2,3,1,4,5
"711","TechnicolorHijack",200,7,2,32.5706,0.0224893864823233,558.957,2,7,0,9,8,2,3,1,4,5
"712","TechnicolorHijack",200,7,2,32.3904,0.0251115695947014,493.414,3,4,0,9,8,2,3,1,4,5
"713","TechnicolorHijack",200,7,2,32.4354,0.0249755976075613,497.902,3,5,0,9,8,2,3,1,4,5
"714","TechnicolorHijack",200,7,2,32.5512,0.0245242170586258,511.788,3,6,0,9,8,2,3,1,4,5
"715","TechnicolorHijack",200,7,2,32.6049,0.0225507507733153,558.957,3,7,0,9,8,2,3,1,4,5
"716","TechnicolorHijack",200,7,2,32.4249,0.0249545091202686,497.902,4,5,0,9,8,2,3,1,4,5
"717","TechnicolorHijack",200,7,2,32.5393,0.0245009652434211,511.788,4,6,0,9,8,2,3,1,4,5
"718","TechnicolorHijack",200,7,2,32.5931,0.022529640025977,558.957,4,7,0,9,8,2,3,1,4,5
"719","TechnicolorHijack",200,7,2,32.5328,0.0244882646720908,511.788,5,6,0,9,8,2,3,1,4,5
"720","TechnicolorHijack",200,7,2,32.5865,0.0225178323198386,558.957,5,7,0,9,8,2,3,1,4,5
"721","TechnicolorHijack",200,7,2,32.5898,0.0225237361729077,558.957,6,7,0,9,8,2,3,1,4,5
"722","TechnicolorHijack",200,7,3,31.9465,0.0243036342035024,491.552,1,2,3,9,8,2,3,1,4,5
"723","TechnicolorHijack",200,7,3,31.9464,0.0242117167328045,493.414,1,2,4,9,8,2,3,1,4,5
"724","TechnicolorHijack",200,7,3,31.9887,0.0240784331053099,497.902,1,2,5,9,8,2,3,1,4,5
"725","TechnicolorHijack",200,7,3,32.0968,0.0236363494259342,511.788,1,2,6,9,8,2,3,1,4,5
"726","TechnicolorHijack",200,7,3,32.4117,0.0222051070118095,558.957,1,2,7,9,8,2,3,1,4,5
"727","TechnicolorHijack",200,7,3,31.9472,0.0242133380893124,493.414,1,3,4,9,8,2,3,1,4,5
"728","TechnicolorHijack",200,7,3,31.9877,0.0240764246779487,497.902,1,3,5,9,8,2,3,1,4,5
"729","TechnicolorHijack",200,7,3,32.0915,0.0236259935754648,511.788,1,3,6,9,8,2,3,1,4,5
"730","TechnicolorHijack",200,7,3,32.1403,0.0217195598230275,558.957,1,3,7,9,8,2,3,1,4,5
"731","TechnicolorHijack",200,7,3,31.9811,0.0240631690573647,497.902,1,4,5,9,8,2,3,1,4,5
"732","TechnicolorHijack",200,7,3,32.0844,0.023612120643704,511.788,1,4,6,9,8,2,3,1,4,5
"733","TechnicolorHijack",200,7,3,32.1332,0.0217068575936968,558.957,1,4,7,9,8,2,3,1,4,5
"734","TechnicolorHijack",200,7,3,32.0859,0.0236150515447803,511.788,1,5,6,9,8,2,3,1,4,5
"735","TechnicolorHijack",200,7,3,32.1347,0.0217095411632737,558.957,1,5,7,9,8,2,3,1,4,5
"736","TechnicolorHijack",200,7,3,32.1358,0.0217115091142968,558.957,1,6,7,9,8,2,3,1,4,5
"737","TechnicolorHijack",200,7,3,32.089,0.0245007235303417,493.414,2,3,4,9,8,2,3,1,4,5
"738","TechnicolorHijack",200,7,3,32.1306,0.0243634289478652,497.902,2,3,5,9,8,2,3,1,4,5
"739","TechnicolorHijack",200,7,3,32.2378,0.0239118541270995,511.788,2,3,6,9,8,2,3,1,4,5
"740","TechnicolorHijack",200,7,3,32.2882,0.0219841597833107,558.957,2,3,7,9,8,2,3,1,4,5
"741","TechnicolorHijack",200,7,3,32.1306,0.0243634289478652,497.902,2,4,5,9,8,2,3,1,4,5
"742","TechnicolorHijack",200,7,3,32.2375,0.0239112679468843,511.788,2,4,6,9,8,2,3,1,4,5
"743","TechnicolorHijack",200,7,3,32.2879,0.0219836230693953,558.957,2,4,7,9,8,2,3,1,4,5
"744","TechnicolorHijack",200,7,3,32.239,0.0239141988479605,511.788,2,5,6,9,8,2,3,1,4,5
"745","TechnicolorHijack",200,7,3,32.2893,0.0219861277343338,558.957,2,5,7,9,8,2,3,1,4,5
"746","TechnicolorHijack",200,7,3,32.295,0.021996325298726,558.957,2,6,7,9,8,2,3,1,4,5
"747","TechnicolorHijack",200,7,3,32.4354,0.0249755976075613,497.902,3,4,5,9,8,2,3,1,4,5
"748","TechnicolorHijack",200,7,3,32.5511,0.0245240216652208,511.788,3,4,6,9,8,2,3,1,4,5
"749","TechnicolorHijack",200,7,3,32.6048,0.0225505718686768,558.957,3,4,7,9,8,2,3,1,4,5
"750","TechnicolorHijack",200,7,3,32.5505,0.0245228493047903,511.788,3,5,6,9,8,2,3,1,4,5
"751","TechnicolorHijack",200,7,3,32.6043,0.0225496773454845,558.957,3,5,7,9,8,2,3,1,4,5
"752","TechnicolorHijack",200,7,3,32.6052,0.0225512874872307,558.957,3,6,7,9,8,2,3,1,4,5
"753","TechnicolorHijack",200,7,3,32.5388,0.0244999882763957,511.788,4,5,6,9,8,2,3,1,4,5
"754","TechnicolorHijack",200,7,3,32.5926,0.0225287455027846,558.957,4,5,7,9,8,2,3,1,4,5
"755","TechnicolorHijack",200,7,3,32.5934,0.0225301767398923,558.957,4,6,7,9,8,2,3,1,4,5
"756","TechnicolorHijack",200,7,3,32.5867,0.0225181901291155,558.957,5,6,7,9,8,2,3,1,4,5
"757","TechnicolorHijack",250,0,1,13.7081,-0.115010876121886,54.707,1,0,0,8,9,1,4,5,2,3
"758","TechnicolorHijack",250,0,1,33.3157,0.0482234495246718,276.125,2,0,0,8,9,1,4,5,2,3
"759","TechnicolorHijack",250,0,1,33.4009,0.0480339656185929,278.988,3,0,0,8,9,1,4,5,2,3
"760","TechnicolorHijack",250,0,1,34.1843,0.0485941766332183,291.893,4,0,0,8,9,1,4,5,2,3
"761","TechnicolorHijack",250,0,1,34.26,0.0426051909017302,334.701,5,0,0,8,9,1,4,5,2,3
"762","TechnicolorHijack",250,0,1,34.6576,0.028233463094979,519.157,6,0,0,8,9,1,4,5,2,3
"763","TechnicolorHijack",250,0,1,34.6699,0.0282363244408515,519.54,7,0,0,8,9,1,4,5,2,3
"764","TechnicolorHijack",250,0,2,31.4438,0.04144427342689,276.125,1,2,0,8,9,1,4,5,2,3
"765","TechnicolorHijack",250,0,2,31.4947,0.0412014136808752,278.988,1,3,0,8,9,1,4,5,2,3
"766","TechnicolorHijack",250,0,2,31.9739,0.041021538714529,291.893,1,4,0,8,9,1,4,5,2,3
"767","TechnicolorHijack",250,0,2,32.017,0.0359036871715352,334.701,1,5,0,8,9,1,4,5,2,3
"768","TechnicolorHijack",250,0,2,32.2488,0.0235936335251186,519.157,1,6,0,8,9,1,4,5,2,3
"769","TechnicolorHijack",250,0,2,32.2549,0.0235879816760981,519.54,1,7,0,8,9,1,4,5,2,3
"770","TechnicolorHijack",250,0,2,33.3926,0.0480042152350639,278.988,2,3,0,8,9,1,4,5,2,3
"771","TechnicolorHijack",250,0,2,33.9774,0.0478853552500403,291.893,2,4,0,8,9,1,4,5,2,3
"772","TechnicolorHijack",250,0,2,34.0842,0.0420799459816373,334.701,2,5,0,8,9,1,4,5,2,3
"773","TechnicolorHijack",250,0,2,34.2313,0.02741232421021,519.157,2,6,0,8,9,1,4,5,2,3
"774","TechnicolorHijack",250,0,2,34.2429,0.027414443546214,519.54,2,7,0,8,9,1,4,5,2,3
"775","TechnicolorHijack",250,0,2,33.9877,0.0479206421531177,291.893,3,4,0,8,9,1,4,5,2,3
"776","TechnicolorHijack",250,0,2,34.0952,0.0421128111359094,334.701,3,5,0,8,9,1,4,5,2,3
"777","TechnicolorHijack",250,0,2,34.2299,0.0274096275307855,519.157,3,6,0,8,9,1,4,5,2,3
"778","TechnicolorHijack",250,0,2,34.244,0.027416560803788,519.54,3,7,0,8,9,1,4,5,2,3
"779","TechnicolorHijack",250,0,2,34.2698,0.0426344707664453,334.701,4,5,0,8,9,1,4,5,2,3
"780","TechnicolorHijack",250,0,2,34.4104,0.0277573065565908,519.157,4,6,0,8,9,1,4,5,2,3
"781","TechnicolorHijack",250,0,2,34.4138,0.0277433883820303,519.54,4,7,0,8,9,1,4,5,2,3
"782","TechnicolorHijack",250,0,2,34.3878,0.0277137744458805,519.157,5,6,0,8,9,1,4,5,2,3
"783","TechnicolorHijack",250,0,2,34.3911,0.0276996958848212,519.54,5,7,0,8,9,1,4,5,2,3
"784","TechnicolorHijack",250,0,2,34.6641,0.0282251607190977,519.54,6,7,0,8,9,1,4,5,2,3
"785","TechnicolorHijack",250,0,3,31.4926,0.041193886475404,278.988,1,2,3,8,9,1,4,5,2,3
"786","TechnicolorHijack",250,0,3,31.8778,0.040692308482903,291.893,1,2,4,8,9,1,4,5,2,3
"787","TechnicolorHijack",250,0,3,31.9444,0.0356867771533399,334.701,1,2,5,8,9,1,4,5,2,3
"788","TechnicolorHijack",250,0,3,32.0351,0.0231820046729602,519.157,1,2,6,8,9,1,4,5,2,3
"789","TechnicolorHijack",250,0,3,32.042,0.0231781960965469,519.54,1,2,7,8,9,1,4,5,2,3
"790","TechnicolorHijack",250,0,3,31.8805,0.0407015584477874,291.893,1,3,4,8,9,1,4,5,2,3
"791","TechnicolorHijack",250,0,3,31.9475,0.035696039151362,334.701,1,3,5,8,9,1,4,5,2,3
"792","TechnicolorHijack",250,0,3,32.031,0.0231741072546455,519.157,1,3,6,8,9,1,4,5,2,3
"793","TechnicolorHijack",250,0,3,32.0394,0.0231731916695538,519.54,1,3,7,8,9,1,4,5,2,3
"794","TechnicolorHijack",250,0,3,32.026,0.0359305768432123,334.701,1,4,5,8,9,1,4,5,2,3
"795","TechnicolorHijack",250,0,3,32.1108,0.0233278179818436,519.157,1,4,6,8,9,1,4,5,2,3
"796","TechnicolorHijack",250,0,3,32.1128,0.0233144704931285,519.54,1,4,7,8,9,1,4,5,2,3
"797","TechnicolorHijack",250,0,3,32.0939,0.0232952652087904,519.157,1,5,6,8,9,1,4,5,2,3
"798","TechnicolorHijack",250,0,3,32.0959,0.0232819417176733,519.54,1,5,7,8,9,1,4,5,2,3
"799","TechnicolorHijack",250,0,3,32.2527,0.0235837471609501,519.54,1,6,7,8,9,1,4,5,2,3
"800","TechnicolorHijack",250,0,3,33.9772,0.0478846700674562,291.893,2,3,4,8,9,1,4,5,2,3
"801","TechnicolorHijack",250,0,3,34.0847,0.0420814398522861,334.701,2,3,5,8,9,1,4,5,2,3
"802","TechnicolorHijack",250,0,3,34.2198,0.0273901729149371,519.157,2,3,6,8,9,1,4,5,2,3
"803","TechnicolorHijack",250,0,3,34.2338,0.0273969280517381,519.54,2,3,7,8,9,1,4,5,2,3
"804","TechnicolorHijack",250,0,3,34.063,0.0420166058661313,334.701,2,4,5,8,9,1,4,5,2,3
"805","TechnicolorHijack",250,0,3,34.1987,0.0273495301036103,519.157,2,4,6,8,9,1,4,5,2,3
"806","TechnicolorHijack",250,0,3,34.202,0.0273357200600531,519.54,2,4,7,8,9,1,4,5,2,3
"807","TechnicolorHijack",250,0,3,34.2103,0.0273718740188421,519.157,2,5,6,8,9,1,4,5,2,3
"808","TechnicolorHijack",250,0,3,34.2136,0.0273580475035608,519.54,2,5,7,8,9,1,4,5,2,3
"809","TechnicolorHijack",250,0,3,34.2375,0.0274040497363052,519.54,2,6,7,8,9,1,4,5,2,3
"810","TechnicolorHijack",250,0,3,34.0734,0.0420476783756248,334.701,3,4,5,8,9,1,4,5,2,3
"811","TechnicolorHijack",250,0,3,34.2091,0.0273695625793353,519.157,3,4,6,8,9,1,4,5,2,3
"812","TechnicolorHijack",250,0,3,34.2124,0.0273557377680256,519.54,3,4,7,8,9,1,4,5,2,3
"813","TechnicolorHijack",250,0,3,34.2215,0.0273934474542383,519.157,3,5,6,8,9,1,4,5,2,3
"814","TechnicolorHijack",250,0,3,34.2248,0.0273796050352235,519.54,3,5,7,8,9,1,4,5,2,3
"815","TechnicolorHijack",250,0,3,34.2361,0.0274013550448474,519.54,3,6,7,8,9,1,4,5,2,3
"816","TechnicolorHijack",250,0,3,34.3999,0.0277370814609068,519.157,4,5,6,8,9,1,4,5,2,3
"817","TechnicolorHijack",250,0,3,34.4033,0.0277231781960966,519.54,4,5,7,8,9,1,4,5,2,3
"818","TechnicolorHijack",250,0,3,34.4155,0.0277466605073719,519.54,4,6,7,8,9,1,4,5,2,3
"819","TechnicolorHijack",250,0,3,34.3928,0.0277029680101628,519.54,5,6,7,8,9,1,4,5,2,3
"820","TechnicolorHijack",250,6,1,31.8394,0.041860185551847,282.832,1,0,0,9,5,1,4,2,3,8
"821","TechnicolorHijack",250,6,1,32.7529,0.0397627250759997,320.725,2,0,0,9,5,1,4,2,3,8
"822","TechnicolorHijack",250,6,1,32.7809,0.0393124194505877,325.111,3,0,0,9,5,1,4,2,3,8
"823","TechnicolorHijack",250,6,1,32.9118,0.0373741584026584,345.474,4,0,0,9,5,1,4,2,3,8
"824","TechnicolorHijack",250,6,1,32.9148,0.0240215015763483,537.635,5,0,0,9,5,1,4,2,3,8
"825","TechnicolorHijack",250,6,1,32.9115,0.0239906872691327,538.188,6,0,0,9,5,1,4,2,3,8
"826","TechnicolorHijack",250,6,1,32.93,0.0238814240199474,541.425,7,0,0,9,5,1,4,2,3,8
"827","TechnicolorHijack",250,6,2,32.2035,0.0380497310780263,320.725,1,2,0,9,5,1,4,2,3,8
"828","TechnicolorHijack",250,6,2,32.222,0.0375933142834294,325.111,1,3,0,9,5,1,4,2,3,8
"829","TechnicolorHijack",250,6,2,32.274,0.0355279992126759,345.474,1,4,0,9,5,1,4,2,3,8
"830","TechnicolorHijack",250,6,2,32.2835,0.0228472848679866,537.635,1,5,0,9,5,1,4,2,3,8
"831","TechnicolorHijack",250,6,2,32.2839,0.0228245520152809,538.188,1,6,0,9,5,1,4,2,3,8
"832","TechnicolorHijack",250,6,2,32.2823,0.0226851364454911,541.425,1,7,0,9,5,1,4,2,3,8
"833","TechnicolorHijack",250,6,2,32.772,0.0392850441849091,325.111,2,3,0,9,5,1,4,2,3,8
"834","TechnicolorHijack",250,6,2,32.835,0.0371518551323689,345.474,2,4,0,9,5,1,4,2,3,8
"835","TechnicolorHijack",250,6,2,32.8544,0.0239091576999265,537.635,2,5,0,9,5,1,4,2,3,8
"836","TechnicolorHijack",250,6,2,32.8541,0.0238840330888091,538.188,2,6,0,9,5,1,4,2,3,8
"837","TechnicolorHijack",250,6,2,32.8516,0.0237366209539641,541.425,2,7,0,9,5,1,4,2,3,8
"838","TechnicolorHijack",250,6,2,32.8446,0.037179643041155,345.474,3,4,0,9,5,1,4,2,3,8
"839","TechnicolorHijack",250,6,2,32.8632,0.0239255256819217,537.635,3,5,0,9,5,1,4,2,3,8
"840","TechnicolorHijack",250,6,2,32.8629,0.0239003842523431,538.188,3,6,0,9,5,1,4,2,3,8
"841","TechnicolorHijack",250,6,2,32.8584,0.0237491804035647,541.425,3,7,0,9,5,1,4,2,3,8
"842","TechnicolorHijack",250,6,2,32.9329,0.0240551675393157,537.635,4,5,0,9,5,1,4,2,3,8
"843","TechnicolorHijack",250,6,2,32.932,0.0240287780478197,538.188,4,6,0,9,5,1,4,2,3,8
"844","TechnicolorHijack",250,6,2,32.9274,0.023876621877453,541.425,4,7,0,9,5,1,4,2,3,8
"845","TechnicolorHijack",250,6,2,32.9144,0.0239960757207519,538.188,5,6,0,9,5,1,4,2,3,8
"846","TechnicolorHijack",250,6,2,32.9108,0.0238459620446045,541.425,5,7,0,9,5,1,4,2,3,8
"847","TechnicolorHijack",250,6,2,32.9074,0.0238396823198042,541.425,6,7,0,9,5,1,4,2,3,8
"848","TechnicolorHijack",250,6,3,32.22,0.0375871625383331,325.111,1,2,3,9,5,1,4,2,3,8
"849","TechnicolorHijack",250,6,3,32.2762,0.0355343672751061,345.474,1,2,4,9,5,1,4,2,3,8
"850","TechnicolorHijack",250,6,3,32.2934,0.0228656988477313,537.635,1,2,5,9,5,1,4,2,3,8
"851","TechnicolorHijack",250,6,3,32.2936,0.0228425754569035,538.188,1,2,6,9,5,1,4,2,3,8
"852","TechnicolorHijack",250,6,3,32.2912,0.0227015745486448,541.425,1,2,7,9,5,1,4,2,3,8
"853","TechnicolorHijack",250,6,3,32.2783,0.0355404458801531,345.474,1,3,4,9,5,1,4,2,3,8
"854","TechnicolorHijack",250,6,3,32.2941,0.0228670008462991,537.635,1,3,5,9,5,1,4,2,3,8
"855","TechnicolorHijack",250,6,3,32.2943,0.0228438761176392,538.188,1,3,6,9,5,1,4,2,3,8
"856","TechnicolorHijack",250,6,3,32.2902,0.0226997275707623,541.425,1,3,7,9,5,1,4,2,3,8
"857","TechnicolorHijack",250,6,3,32.291,0.0228612348526417,537.635,1,4,5,9,5,1,4,2,3,8
"858","TechnicolorHijack",250,6,3,32.2909,0.0228375586226374,538.188,1,4,6,9,5,1,4,2,3,8
"859","TechnicolorHijack",250,6,3,32.2856,0.0226912314725031,541.425,1,4,7,9,5,1,4,2,3,8
"860","TechnicolorHijack",250,6,3,32.2836,0.0228239945892513,538.188,1,5,6,9,5,1,4,2,3,8
"861","TechnicolorHijack",250,6,3,32.2792,0.0226794108140555,541.425,1,5,7,9,5,1,4,2,3,8
"862","TechnicolorHijack",250,6,3,32.2792,0.0226794108140555,541.425,1,6,7,9,5,1,4,2,3,8
"863","TechnicolorHijack",250,6,3,32.835,0.0371518551323689,345.474,2,3,4,9,5,1,4,2,3,8
"864","TechnicolorHijack",250,6,3,32.8529,0.0239063677029955,537.635,2,3,5,9,5,1,4,2,3,8
"865","TechnicolorHijack",250,6,3,32.8527,0.0238814317673378,538.188,2,3,6,9,5,1,4,2,3,8
"866","TechnicolorHijack",250,6,3,32.8482,0.0237303412291638,541.425,2,3,7,9,5,1,4,2,3,8
"867","TechnicolorHijack",250,6,3,32.8551,0.0239104596984943,537.635,2,4,5,9,5,1,4,2,3,8
"868","TechnicolorHijack",250,6,3,32.8548,0.0238853337495448,538.188,2,4,6,9,5,1,4,2,3,8
"869","TechnicolorHijack",250,6,3,32.8488,0.0237314494158932,541.425,2,4,7,9,5,1,4,2,3,8
"870","TechnicolorHijack",250,6,3,32.8543,0.0238844047061622,538.188,2,5,6,9,5,1,4,2,3,8
"871","TechnicolorHijack",250,6,3,32.8494,0.0237325576026227,541.425,2,5,7,9,5,1,4,2,3,8
"872","TechnicolorHijack",250,6,3,32.8489,0.0237316341136815,541.425,2,6,7,9,5,1,4,2,3,8
"873","TechnicolorHijack",250,6,3,32.8648,0.0239285016786482,537.635,3,4,5,9,5,1,4,2,3,8
"874","TechnicolorHijack",250,6,3,32.8644,0.0239031713824909,538.188,3,4,6,9,5,1,4,2,3,8
"875","TechnicolorHijack",250,6,3,32.8585,0.0237493651013529,541.425,3,4,7,9,5,1,4,2,3,8
"876","TechnicolorHijack",250,6,3,32.863,0.0239005700610196,538.188,3,5,6,9,5,1,4,2,3,8
"877","TechnicolorHijack",250,6,3,32.8581,0.0237486263101999,541.425,3,5,7,9,5,1,4,2,3,8
"878","TechnicolorHijack",250,6,3,32.8576,0.0237477028212587,541.425,3,6,7,9,5,1,4,2,3,8
"879","TechnicolorHijack",250,6,3,32.9323,0.0240293354738493,538.188,4,5,6,9,5,1,4,2,3,8
"880","TechnicolorHijack",250,6,3,32.9288,0.0238792076464884,541.425,4,5,7,9,5,1,4,2,3,8
"881","TechnicolorHijack",250,6,3,32.9281,0.0238779147619707,541.425,4,6,7,9,5,1,4,2,3,8
"882","TechnicolorHijack",250,6,3,32.9104,0.0238452232534515,541.425,5,6,7,9,5,1,4,2,3,8
"883","TechnicolorHijack",250,7,1,27.6494,0.0264657647995018,289.03,1,0,0,9,8,2,3,1,4,5
"884","TechnicolorHijack",250,7,1,27.8175,0.0269150390255155,290.451,2,0,0,9,8,2,3,1,4,5
"885","TechnicolorHijack",250,7,1,32.3348,0.0251252207531374,490.933,3,0,0,9,8,2,3,1,4,5
"886","TechnicolorHijack",250,7,1,32.3511,0.02510743398451,491.93,4,0,0,9,8,2,3,1,4,5
"887","TechnicolorHijack",250,7,1,32.3308,0.0249017525011208,495.178,5,0,0,9,8,2,3,1,4,5
"888","TechnicolorHijack",250,7,1,32.524,0.0245458411811167,510.229,6,0,0,9,8,2,3,1,4,5
"889","TechnicolorHijack",250,7,1,32.8755,0.0230806185903354,557.849,7,0,0,9,8,2,3,1,4,5
"890","TechnicolorHijack",250,7,2,27.7703,0.0267525331295124,290.451,1,2,0,9,8,2,3,1,4,5
"891","TechnicolorHijack",250,7,2,31.905,0.0242497448735367,490.933,1,3,0,9,8,2,3,1,4,5
"892","TechnicolorHijack",250,7,2,31.9243,0.0242398308702458,491.93,1,4,0,9,8,2,3,1,4,5
"893","TechnicolorHijack",250,7,2,31.9229,0.0240780083121625,495.178,1,5,0,9,8,2,3,1,4,5
"894","TechnicolorHijack",250,7,2,32.0935,0.0237021023893193,510.229,1,6,0,9,8,2,3,1,4,5
"895","TechnicolorHijack",250,7,2,32.3996,0.0222275203504891,557.849,1,7,0,9,8,2,3,1,4,5
"896","TechnicolorHijack",250,7,2,32.0275,0.0244992697577877,490.933,2,3,0,9,8,2,3,1,4,5
"897","TechnicolorHijack",250,7,2,32.048,0.0244912894110951,491.93,2,4,0,9,8,2,3,1,4,5
"898","TechnicolorHijack",250,7,2,32.0474,0.0243294330523569,495.178,2,5,0,9,8,2,3,1,4,5
"899","TechnicolorHijack",250,7,2,32.2139,0.0239380748644236,510.229,2,6,0,9,8,2,3,1,4,5
"900","TechnicolorHijack",250,7,2,32.5296,0.0224605583231305,557.849,2,7,0,9,8,2,3,1,4,5
"901","TechnicolorHijack",250,7,2,32.3564,0.0251182078751042,491.93,3,4,0,9,8,2,3,1,4,5
"902","TechnicolorHijack",250,7,2,32.3577,0.0249560764008094,495.178,3,5,0,9,8,2,3,1,4,5
"903","TechnicolorHijack",250,7,2,32.5345,0.0245664201760386,510.229,3,6,0,9,8,2,3,1,4,5
"904","TechnicolorHijack",250,7,2,32.5821,0.0225546698120818,557.849,3,7,0,9,8,2,3,1,4,5
"905","TechnicolorHijack",250,7,2,32.3523,0.0249451712313552,495.178,4,5,0,9,8,2,3,1,4,5
"906","TechnicolorHijack",250,7,2,32.5292,0.0245560326833637,510.229,4,6,0,9,8,2,3,1,4,5
"907","TechnicolorHijack",250,7,2,32.5762,0.0225440934733234,557.849,4,7,0,9,8,2,3,1,4,5
"908","TechnicolorHijack",250,7,2,32.5055,0.0245095829519686,510.229,5,6,0,9,8,2,3,1,4,5
"909","TechnicolorHijack",250,7,2,32.5523,0.0225012503383532,557.849,5,7,0,9,8,2,3,1,4,5
"910","TechnicolorHijack",250,7,2,32.5694,0.0225319037947545,557.849,6,7,0,9,8,2,3,1,4,5
"911","TechnicolorHijack",250,7,3,31.9036,0.0242468931605738,490.933,1,2,3,9,8,2,3,1,4,5
"912","TechnicolorHijack",250,7,3,31.9237,0.0242386111845181,491.93,1,2,4,9,8,2,3,1,4,5
"913","TechnicolorHijack",250,7,3,31.9229,0.0240780083121625,495.178,1,2,5,9,8,2,3,1,4,5
"914","TechnicolorHijack",250,7,3,32.0879,0.023691126925361,510.229,1,2,6,9,8,2,3,1,4,5
"915","TechnicolorHijack",250,7,3,32.3944,0.0222181988315834,557.849,1,2,7,9,8,2,3,1,4,5
"916","TechnicolorHijack",250,7,3,31.9244,0.0242400341512004,491.93,1,3,4,9,8,2,3,1,4,5
"917","TechnicolorHijack",250,7,3,31.9252,0.0240826531065597,495.178,1,3,5,9,8,2,3,1,4,5
"918","TechnicolorHijack",250,7,3,32.0875,0.0236903429636497,510.229,1,3,6,9,8,2,3,1,4,5
"919","TechnicolorHijack",250,7,3,32.1306,0.0217453110071005,557.849,1,3,7,9,8,2,3,1,4,5
"920","TechnicolorHijack",250,7,3,31.9252,0.0240826531065597,495.178,1,4,5,9,8,2,3,1,4,5
"921","TechnicolorHijack",250,7,3,32.0881,0.0236915189062166,510.229,1,4,6,9,8,2,3,1,4,5
"922","TechnicolorHijack",250,7,3,32.1307,0.0217454902670794,557.849,1,4,7,9,8,2,3,1,4,5
"923","TechnicolorHijack",250,7,3,32.0848,0.0236850512220983,510.229,1,5,6,9,8,2,3,1,4,5
"924","TechnicolorHijack",250,7,3,32.1272,0.021739216167816,557.849,1,5,7,9,8,2,3,1,4,5
"925","TechnicolorHijack",250,7,3,32.1347,0.0217526606662376,557.849,1,6,7,9,8,2,3,1,4,5
"926","TechnicolorHijack",250,7,3,32.0472,0.0244896631634582,491.93,2,3,4,9,8,2,3,1,4,5
"927","TechnicolorHijack",250,7,3,32.0488,0.0243322603185117,495.178,2,3,5,9,8,2,3,1,4,5
"928","TechnicolorHijack",250,7,3,32.2125,0.023935330998434,510.229,2,3,6,9,8,2,3,1,4,5
"929","TechnicolorHijack",250,7,3,32.2567,0.0219713578405626,557.849,2,3,7,9,8,2,3,1,4,5
"930","TechnicolorHijack",250,7,3,32.0496,0.0243338758991716,495.178,2,4,5,9,8,2,3,1,4,5
"931","TechnicolorHijack",250,7,3,32.2139,0.0239380748644236,510.229,2,4,6,9,8,2,3,1,4,5
"932","TechnicolorHijack",250,7,3,32.2577,0.0219731504403521,557.849,2,4,7,9,8,2,3,1,4,5
"933","TechnicolorHijack",250,7,3,32.2104,0.0239312151994497,510.229,2,5,6,9,8,2,3,1,4,5
"934","TechnicolorHijack",250,7,3,32.2541,0.0219666970811098,557.849,2,5,7,9,8,2,3,1,4,5
"935","TechnicolorHijack",250,7,3,32.2562,0.0219704615406678,557.849,2,6,7,9,8,2,3,1,4,5
"936","TechnicolorHijack",250,7,3,32.3577,0.0249560764008094,495.178,3,4,5,9,8,2,3,1,4,5
"937","TechnicolorHijack",250,7,3,32.5351,0.0245675961186056,510.229,3,4,6,9,8,2,3,1,4,5
"938","TechnicolorHijack",250,7,3,32.5822,0.0225548490720607,557.849,3,4,7,9,8,2,3,1,4,5
"939","TechnicolorHijack",250,7,3,32.5336,0.0245646562621882,510.229,3,5,6,9,8,2,3,1,4,5
"940","TechnicolorHijack",250,7,3,32.5807,0.0225521601723764,557.849,3,5,7,9,8,2,3,1,4,5
"941","TechnicolorHijack",250,7,3,32.5801,0.0225510846125027,557.849,3,6,7,9,8,2,3,1,4,5
"942","TechnicolorHijack",250,7,3,32.5278,0.0245532888173742,510.229,4,5,6,9,8,2,3,1,4,5
"943","TechnicolorHijack",250,7,3,32.5748,0.0225415838336181,557.849,4,5,7,9,8,2,3,1,4,5
"944","TechnicolorHijack",250,7,3,32.5748,0.0225415838336181,557.849,4,6,7,9,8,2,3,1,4,5
"945","TechnicolorHijack",250,7,3,32.5509,0.0224987406986478,557.849,5,6,7,9,8,2,3,1,4,5
